<?xml version="1.0" ?>
<root>
   <agent start_id="641" goal_id="394"/>
   <agent start_id="238" goal_id="869"/>
   <agent start_id="423" goal_id="47"/>
   <agent start_id="816" goal_id="570"/>
   <agent start_id="599" goal_id="223"/>
   <agent start_id="624" goal_id="378"/>
   <agent start_id="607" goal_id="78"/>
   <agent start_id="384" goal_id="8"/>
   <agent start_id="800" goal_id="553"/>
   <agent start_id="115" goal_id="747"/>
   <agent start_id="764" goal_id="389"/>
   <agent start_id="590" goal_id="62"/>
   <agent start_id="218" goal_id="720"/>
   <agent start_id="537" goal_id="291"/>
   <agent start_id="99" goal_id="730"/>
   <agent start_id="598" goal_id="362"/>
   <agent start_id="574" goal_id="45"/>
   <agent start_id="52" goal_id="554"/>
   <agent start_id="521" goal_id="274"/>
   <agent start_id="329" goal_id="82"/>
   <agent start_id="808" goal_id="432"/>
   <agent start_id="804" goal_id="558"/>
   <agent start_id="261" goal_id="764"/>
   <agent start_id="119" goal_id="751"/>
   <agent start_id="698" goal_id="451"/>
   <agent start_id="769" goal_id="393"/>
   <agent start_id="295" goal_id="644"/>
   <agent start_id="222" goal_id="724"/>
   <agent start_id="488" goal_id="242"/>
   <agent start_id="681" goal_id="435"/>
   <agent start_id="603" goal_id="227"/>
   <agent start_id="279" goal_id="628"/>
   <agent start_id="56" goal_id="434"/>
   <agent start_id="472" goal_id="225"/>
   <agent start_id="33" goal_id="665"/>
   <agent start_id="812" goal_id="437"/>
   <agent start_id="262" goal_id="612"/>
   <agent start_id="702" goal_id="455"/>
   <agent start_id="315" goal_id="817"/>
   <agent start_id="17" goal_id="649"/>
   <agent start_id="646" goal_id="271"/>
   <agent start_id="246" goal_id="877"/>
   <agent start_id="685" goal_id="439"/>
   <agent start_id="149" goal_id="651"/>
   <agent start_id="632" goal_id="386"/>
   <agent start_id="861" goal_id="333"/>
   <agent start_id="60" goal_id="563"/>
   <agent start_id="176" goal_id="808"/>
   <agent start_id="110" goal_id="788"/>
   <agent start_id="616" goal_id="370"/>
   <agent start_id="316" goal_id="70"/>
   <agent start_id="397" goal_id="21"/>
   <agent start_id="406" goal_id="160"/>
   <agent start_id="600" goal_id="353"/>
   <agent start_id="651" goal_id="275"/>
   <agent start_id="197" goal_id="828"/>
   <agent start_id="104" goal_id="606"/>
   <agent start_id="390" goal_id="144"/>
   <agent start_id="583" goal_id="337"/>
   <agent start_id="485" goal_id="109"/>
   <agent start_id="440" goal_id="566"/>
   <agent start_id="374" goal_id="127"/>
   <agent start_id="865" goal_id="221"/>
   <agent start_id="74" goal_id="706"/>
   <agent start_id="445" goal_id="859"/>
   <agent start_id="158" goal_id="660"/>
   <agent start_id="41" goal_id="673"/>
   <agent start_id="113" goal_id="616"/>
   <agent start_id="517" goal_id="69"/>
   <agent start_id="78" goal_id="710"/>
   <agent start_id="870" goal_id="494"/>
   <agent start_id="272" goal_id="25"/>
   <agent start_id="747" goal_id="500"/>
   <agent start_id="654" goal_id="279"/>
   <agent start_id="447" goal_id="201"/>
   <agent start_id="830" goal_id="286"/>
   <agent start_id="640" goal_id="786"/>
   <agent start_id="484" goal_id="238"/>
   <agent start_id="431" goal_id="184"/>
   <agent start_id="664" goal_id="289"/>
   <agent start_id="118" goal_id="620"/>
   <agent start_id="571" goal_id="324"/>
   <agent start_id="73" goal_id="576"/>
   <agent start_id="415" goal_id="168"/>
   <agent start_id="498" goal_id="123"/>
   <agent start_id="608" goal_id="361"/>
   <agent start_id="205" goal_id="837"/>
   <agent start_id="283" goal_id="785"/>
   <agent start_id="152" goal_id="783"/>
   <agent start_id="345" goal_id="99"/>
   <agent start_id="288" goal_id="790"/>
   <agent start_id="820" goal_id="292"/>
   <agent start_id="619" goal_id="244"/>
   <agent start_id="382" goal_id="135"/>
   <agent start_id="122" goal_id="624"/>
   <agent start_id="713" goal_id="178"/>
   <agent start_id="172" goal_id="804"/>
   <agent start_id="366" goal_id="119"/>
   <agent start_id="0" goal_id="503"/>
   <agent start_id="312" goal_id="66"/>
   <agent start_id="834" goal_id="458"/>
   <agent start_id="788" goal_id="259"/>
   <agent start_id="349" goal_id="103"/>
   <agent start_id="712" goal_id="718"/>
   <agent start_id="296" goal_id="50"/>
   <agent start_id="525" goal_id="874"/>
   <agent start_id="368" goal_id="248"/>
   <agent start_id="718" goal_id="472"/>
   <agent start_id="526" goal_id="280"/>
   <agent start_id="147" goal_id="502"/>
   <agent start_id="755" goal_id="508"/>
   <agent start_id="507" goal_id="131"/>
   <agent start_id="140" goal_id="483"/>
   <agent start_id="838" goal_id="463"/>
   <agent start_id="373" goal_id="536"/>
   <agent start_id="492" goal_id="842"/>
   <agent start_id="341" goal_id="843"/>
   <agent start_id="557" goal_id="22"/>
   <agent start_id="247" goal_id="1"/>
   <agent start_id="722" goal_id="476"/>
   <agent start_id="501" goal_id="126"/>
   <agent start_id="37" goal_id="669"/>
   <agent start_id="551" goal_id="369"/>
   <agent start_id="131" goal_id="633"/>
   <agent start_id="706" goal_id="459"/>
   <agent start_id="335" goal_id="838"/>
   <agent start_id="653" goal_id="406"/>
   <agent start_id="843" goal_id="467"/>
   <agent start_id="211" goal_id="555"/>
   <agent start_id="443" goal_id="197"/>
   <agent start_id="672" goal_id="296"/>
   <agent start_id="636" goal_id="390"/>
   <agent start_id="677" goal_id="301"/>
   <agent start_id="628" goal_id="94"/>
   <agent start_id="180" goal_id="530"/>
   <agent start_id="179" goal_id="682"/>
   <agent start_id="216" goal_id="560"/>
   <agent start_id="320" goal_id="74"/>
   <agent start_id="466" goal_id="267"/>
   <agent start_id="744" goal_id="91"/>
   <agent start_id="604" goal_id="357"/>
   <agent start_id="866" goal_id="304"/>
   <agent start_id="441" goal_id="847"/>
   <agent start_id="394" goal_id="148"/>
   <agent start_id="174" goal_id="676"/>
   <agent start_id="587" goal_id="341"/>
   <agent start_id="749" goal_id="41"/>
   <agent start_id="671" goal_id="305"/>
   <agent start_id="510" goal_id="763"/>
   <agent start_id="325" goal_id="9"/>
</root>