<?xml version="1.0" ?>
<root>
   <agent start_id="612" goal_id="365"/>
   <agent start_id="173" goal_id="805"/>
   <agent start_id="589" goal_id="213"/>
   <agent start_id="17" goal_id="649"/>
   <agent start_id="210" goal_id="842"/>
   <agent start_id="467" goal_id="92"/>
   <agent start_id="789" goal_id="542"/>
   <agent start_id="386" goal_id="735"/>
   <agent start_id="379" goal_id="3"/>
   <agent start_id="579" goal_id="333"/>
   <agent start_id="428" goal_id="53"/>
   <agent start_id="141" goal_id="772"/>
   <agent start_id="370" goal_id="719"/>
   <agent start_id="563" goal_id="316"/>
   <agent start_id="262" goal_id="764"/>
   <agent start_id="756" goal_id="510"/>
   <agent start_id="593" goal_id="218"/>
   <agent start_id="107" goal_id="456"/>
   <agent start_id="546" goal_id="300"/>
   <agent start_id="96" goal_id="598"/>
   <agent start_id="493" goal_id="247"/>
   <agent start_id="52" goal_id="554"/>
   <agent start_id="90" goal_id="440"/>
   <agent start_id="284" goal_id="37"/>
   <agent start_id="432" goal_id="57"/>
   <agent start_id="230" goal_id="862"/>
   <agent start_id="567" goal_id="321"/>
   <agent start_id="140" goal_id="642"/>
   <agent start_id="461" goal_id="214"/>
   <agent start_id="58" goal_id="407"/>
   <agent start_id="51" goal_id="716"/>
   <agent start_id="251" goal_id="5"/>
   <agent start_id="100" goal_id="603"/>
   <agent start_id="444" goal_id="198"/>
   <agent start_id="41" goal_id="673"/>
   <agent start_id="763" goal_id="387"/>
   <agent start_id="866" goal_id="620"/>
   <agent start_id="437" goal_id="61"/>
   <agent start_id="181" goal_id="813"/>
   <agent start_id="25" goal_id="657"/>
   <agent start_id="597" goal_id="221"/>
   <agent start_id="850" goal_id="773"/>
   <agent start_id="165" goal_id="797"/>
   <agent start_id="602" goal_id="227"/>
   <agent start_id="640" goal_id="112"/>
   <agent start_id="55" goal_id="558"/>
   <agent start_id="202" goal_id="834"/>
   <agent start_id="780" goal_id="534"/>
   <agent start_id="61" goal_id="563"/>
   <agent start_id="624" goal_id="96"/>
   <agent start_id="767" goal_id="392"/>
   <agent start_id="817" goal_id="571"/>
   <agent start_id="518" goal_id="271"/>
   <agent start_id="397" goal_id="21"/>
   <agent start_id="854" goal_id="608"/>
   <agent start_id="169" goal_id="801"/>
   <agent start_id="148" goal_id="651"/>
   <agent start_id="748" goal_id="501"/>
   <agent start_id="606" goal_id="231"/>
   <agent start_id="345" goal_id="695"/>
   <agent start_id="60" goal_id="562"/>
   <agent start_id="538" goal_id="292"/>
   <agent start_id="731" goal_id="485"/>
   <agent start_id="440" goal_id="65"/>
   <agent start_id="821" goal_id="575"/>
   <agent start_id="104" goal_id="446"/>
   <agent start_id="715" goal_id="469"/>
   <agent start_id="559" goal_id="312"/>
   <agent start_id="103" goal_id="606"/>
   <agent start_id="506" goal_id="259"/>
   <agent start_id="655" goal_id="280"/>
   <agent start_id="67" goal_id="699"/>
   <agent start_id="542" goal_id="296"/>
   <agent start_id="815" goal_id="109"/>
   <agent start_id="489" goal_id="243"/>
   <agent start_id="318" goal_id="682"/>
   <agent start_id="232" goal_id="820"/>
   <agent start_id="526" goal_id="274"/>
   <agent start_id="649" goal_id="526"/>
   <agent start_id="473" goal_id="226"/>
   <agent start_id="35" goal_id="666"/>
   <agent start_id="152" goal_id="654"/>
   <agent start_id="263" goal_id="17"/>
   <agent start_id="457" goal_id="210"/>
   <agent start_id="157" goal_id="659"/>
   <agent start_id="650" goal_id="403"/>
   <agent start_id="488" goal_id="113"/>
   <agent start_id="1" goal_id="632"/>
   <agent start_id="194" goal_id="825"/>
   <agent start_id="283" goal_id="118"/>
   <agent start_id="387" goal_id="141"/>
   <agent start_id="825" goal_id="449"/>
   <agent start_id="862" goal_id="616"/>
   <agent start_id="177" goal_id="809"/>
   <agent start_id="327" goal_id="830"/>
   <agent start_id="124" goal_id="756"/>
   <agent start_id="846" goal_id="599"/>
   <agent start_id="112" goal_id="614"/>
   <agent start_id="161" goal_id="793"/>
   <agent start_id="419" goal_id="664"/>
   <agent start_id="354" goal_id="108"/>
   <agent start_id="583" goal_id="55"/>
   <agent start_id="448" goal_id="73"/>
   <agent start_id="530" goal_id="284"/>
   <agent start_id="338" goal_id="829"/>
   <agent start_id="191" goal_id="390"/>
   <agent start_id="282" goal_id="320"/>
   <agent start_id="498" goal_id="785"/>
   <agent start_id="514" goal_id="267"/>
   <agent start_id="75" goal_id="707"/>
   <agent start_id="663" goal_id="288"/>
   <agent start_id="797" goal_id="550"/>
   <agent start_id="744" goal_id="497"/>
   <agent start_id="166" goal_id="668"/>
   <agent start_id="691" goal_id="444"/>
   <agent start_id="534" goal_id="453"/>
   <agent start_id="828" goal_id="189"/>
   <agent start_id="481" goal_id="235"/>
   <agent start_id="502" goal_id="127"/>
   <agent start_id="289" goal_id="43"/>
   <agent start_id="271" goal_id="25"/>
   <agent start_id="287" goal_id="789"/>
   <agent start_id="711" goal_id="465"/>
   <agent start_id="658" goal_id="411"/>
   <agent start_id="667" goal_id="255"/>
   <agent start_id="255" goal_id="9"/>
   <agent start_id="121" goal_id="623"/>
   <agent start_id="170" goal_id="202"/>
   <agent start_id="10" goal_id="611"/>
   <agent start_id="877" goal_id="159"/>
   <agent start_id="485" goal_id="239"/>
   <agent start_id="4" goal_id="186"/>
   <agent start_id="795" goal_id="507"/>
   <agent start_id="132" goal_id="87"/>
   <agent start_id="462" goal_id="302"/>
   <agent start_id="291" goal_id="326"/>
   <agent start_id="340" goal_id="843"/>
   <agent start_id="677" goal_id="143"/>
   <agent start_id="362" goal_id="116"/>
   <agent start_id="591" goal_id="63"/>
   <agent start_id="628" goal_id="252"/>
   <agent start_id="399" goal_id="153"/>
   <agent start_id="832" goal_id="174"/>
   <agent start_id="346" goal_id="100"/>
   <agent start_id="190" goal_id="821"/>
   <agent start_id="335" goal_id="837"/>
   <agent start_id="137" goal_id="768"/>
   <agent start_id="330" goal_id="83"/>
   <agent start_id="805" goal_id="559"/>
   <agent start_id="671" goal_id="565"/>
</root>