<?xml version="1.0" ?>
<root>
   <agent start_id="848" goal_id="590"/>
   <agent start_id="837" goal_id="857"/>
   <agent start_id="152" goal_id="784"/>
   <agent start_id="403" goal_id="28"/>
   <agent start_id="874" goal_id="627"/>
   <agent start_id="232" goal_id="735"/>
   <agent start_id="574" goal_id="328"/>
   <agent start_id="664" goal_id="136"/>
   <agent start_id="613" goal_id="237"/>
   <agent start_id="857" goal_id="611"/>
   <agent start_id="804" goal_id="558"/>
   <agent start_id="22" goal_id="525"/>
   <agent start_id="751" goal_id="505"/>
   <agent start_id="595" goal_id="348"/>
   <agent start_id="159" goal_id="27"/>
   <agent start_id="788" goal_id="541"/>
   <agent start_id="734" goal_id="358"/>
   <agent start_id="385" goal_id="408"/>
   <agent start_id="578" goal_id="332"/>
   <agent start_id="237" goal_id="739"/>
   <agent start_id="772" goal_id="192"/>
   <agent start_id="568" goal_id="870"/>
   <agent start_id="718" goal_id="472"/>
   <agent start_id="316" goal_id="69"/>
   <agent start_id="573" goal_id="198"/>
   <agent start_id="755" goal_id="509"/>
   <agent start_id="402" goal_id="26"/>
   <agent start_id="352" goal_id="702"/>
   <agent start_id="546" goal_id="299"/>
   <agent start_id="783" goal_id="407"/>
   <agent start_id="739" goal_id="492"/>
   <agent start_id="236" goal_id="738"/>
   <agent start_id="439" goal_id="193"/>
   <agent start_id="36" goal_id="668"/>
   <agent start_id="743" goal_id="368"/>
   <agent start_id="230" goal_id="861"/>
   <agent start_id="197" goal_id="699"/>
   <agent start_id="423" goal_id="176"/>
   <agent start_id="20" goal_id="652"/>
   <agent start_id="577" goal_id="202"/>
   <agent start_id="213" goal_id="845"/>
   <agent start_id="407" goal_id="160"/>
   <agent start_id="80" goal_id="583"/>
   <agent start_id="250" goal_id="4"/>
   <agent start_id="787" goal_id="411"/>
   <agent start_id="443" goal_id="197"/>
   <agent start_id="41" goal_id="390"/>
   <agent start_id="290" goal_id="792"/>
   <agent start_id="234" goal_id="865"/>
   <agent start_id="621" goal_id="245"/>
   <agent start_id="181" goal_id="812"/>
   <agent start_id="656" goal_id="128"/>
   <agent start_id="626" goal_id="251"/>
   <agent start_id="218" goal_id="849"/>
   <agent start_id="411" goal_id="164"/>
   <agent start_id="786" goal_id="307"/>
   <agent start_id="640" goal_id="111"/>
   <agent start_id="460" goal_id="84"/>
   <agent start_id="833" goal_id="586"/>
   <agent start_id="533" goal_id="287"/>
   <agent start_id="372" goal_id="874"/>
   <agent start_id="623" goal_id="95"/>
   <agent start_id="324" goal_id="77"/>
   <agent start_id="752" goal_id="377"/>
   <agent start_id="517" goal_id="270"/>
   <agent start_id="79" goal_id="710"/>
   <agent start_id="630" goal_id="255"/>
   <agent start_id="307" goal_id="61"/>
   <agent start_id="586" goal_id="211"/>
   <agent start_id="501" goal_id="254"/>
   <agent start_id="344" goal_id="694"/>
   <agent start_id="464" goal_id="89"/>
   <agent start_id="537" goal_id="291"/>
   <agent start_id="238" goal_id="869"/>
   <agent start_id="376" goal_id="0"/>
   <agent start_id="328" goal_id="677"/>
   <agent start_id="298" goal_id="801"/>
   <agent start_id="521" goal_id="275"/>
   <agent start_id="151" goal_id="494"/>
   <agent start_id="468" goal_id="221"/>
   <agent start_id="312" goal_id="661"/>
   <agent start_id="132" goal_id="635"/>
   <agent start_id="505" goal_id="258"/>
   <agent start_id="698" goal_id="452"/>
   <agent start_id="795" goal_id="419"/>
   <agent start_id="49" goal_id="398"/>
   <agent start_id="488" goal_id="242"/>
   <agent start_id="389" goal_id="800"/>
   <agent start_id="435" goal_id="189"/>
   <agent start_id="279" goal_id="32"/>
   <agent start_id="678" goal_id="303"/>
   <agent start_id="472" goal_id="226"/>
   <agent start_id="806" goal_id="634"/>
   <agent start_id="172" goal_id="804"/>
   <agent start_id="366" goal_id="119"/>
   <agent start_id="639" goal_id="264"/>
   <agent start_id="841" goal_id="595"/>
   <agent start_id="156" goal_id="788"/>
   <agent start_id="424" goal_id="48"/>
   <agent start_id="0" goal_id="349"/>
   <agent start_id="825" goal_id="578"/>
   <agent start_id="571" goal_id="429"/>
   <agent start_id="140" goal_id="771"/>
   <agent start_id="615" goal_id="87"/>
   <agent start_id="562" goal_id="315"/>
   <agent start_id="263" goal_id="765"/>
   <agent start_id="594" goal_id="219"/>
   <agent start_id="845" goal_id="599"/>
   <agent start_id="233" goal_id="141"/>
   <agent start_id="792" goal_id="546"/>
   <agent start_id="428" goal_id="53"/>
   <agent start_id="226" goal_id="569"/>
   <agent start_id="582" goal_id="54"/>
   <agent start_id="853" goal_id="478"/>
   <agent start_id="529" goal_id="283"/>
   <agent start_id="722" goal_id="476"/>
   <agent start_id="262" goal_id="108"/>
   <agent start_id="38" goal_id="669"/>
   <agent start_id="513" goal_id="266"/>
   <agent start_id="643" goal_id="267"/>
   <agent start_id="706" goal_id="460"/>
   <agent start_id="96" goal_id="807"/>
   <agent start_id="653" goal_id="406"/>
   <agent start_id="852" goal_id="497"/>
   <agent start_id="17" goal_id="477"/>
   <agent start_id="58" goal_id="690"/>
   <agent start_id="770" goal_id="420"/>
   <agent start_id="813" goal_id="438"/>
   <agent start_id="812" goal_id="622"/>
   <agent start_id="427" goal_id="181"/>
   <agent start_id="271" goal_id="620"/>
   <agent start_id="691" goal_id="316"/>
   <agent start_id="145" goal_id="217"/>
   <agent start_id="657" goal_id="100"/>
   <agent start_id="476" goal_id="584"/>
   <agent start_id="8" goal_id="357"/>
   <agent start_id="150" goal_id="1"/>
   <agent start_id="448" goal_id="201"/>
   <agent start_id="148" goal_id="780"/>
   <agent start_id="437" goal_id="528"/>
   <agent start_id="359" goal_id="862"/>
   <agent start_id="816" goal_id="570"/>
   <agent start_id="6" goal_id="763"/>
   <agent start_id="541" goal_id="773"/>
   <agent start_id="325" goal_id="78"/>
   <agent start_id="800" goal_id="554"/>
   <agent start_id="652" goal_id="276"/>
   <agent start_id="115" goal_id="747"/>
   <agent start_id="105" goal_id="607"/>
   <agent start_id="778" goal_id="402"/>
</root>