<?xml version="1.0" ?>
<root>
   <agent start_id="265" goal_id="18"/>
   <agent start_id="544" goal_id="168"/>
   <agent start_id="843" goal_id="597"/>
   <agent start_id="651" goal_id="405"/>
   <agent start_id="634" goal_id="105"/>
   <agent start_id="505" goal_id="129"/>
   <agent start_id="442" goal_id="195"/>
   <agent start_id="388" goal_id="142"/>
   <agent start_id="383" goal_id="7"/>
   <agent start_id="864" goal_id="617"/>
   <agent start_id="714" goal_id="339"/>
   <agent start_id="179" goal_id="810"/>
   <agent start_id="126" goal_id="757"/>
   <agent start_id="719" goal_id="344"/>
   <agent start_id="354" goal_id="704"/>
   <agent start_id="794" goal_id="548"/>
   <agent start_id="222" goal_id="724"/>
   <agent start_id="741" goal_id="494"/>
   <agent start_id="178" goal_id="680"/>
   <agent start_id="338" goal_id="688"/>
   <agent start_id="146" goal_id="778"/>
   <agent start_id="432" goal_id="56"/>
   <agent start_id="725" goal_id="478"/>
   <agent start_id="322" goal_id="671"/>
   <agent start_id="343" goal_id="845"/>
   <agent start_id="515" goal_id="269"/>
   <agent start_id="392" goal_id="17"/>
   <agent start_id="462" goal_id="215"/>
   <agent start_id="305" goal_id="59"/>
   <agent start_id="177" goal_id="679"/>
   <agent start_id="745" goal_id="499"/>
   <agent start_id="692" goal_id="445"/>
   <agent start_id="558" goal_id="182"/>
   <agent start_id="43" goal_id="392"/>
   <agent start_id="513" goal_id="138"/>
   <agent start_id="482" goal_id="236"/>
   <agent start_id="44" goal_id="676"/>
   <agent start_id="767" goal_id="155"/>
   <agent start_id="519" goal_id="273"/>
   <agent start_id="220" goal_id="851"/>
   <agent start_id="397" goal_id="21"/>
   <agent start_id="413" goal_id="166"/>
   <agent start_id="728" goal_id="352"/>
   <agent start_id="10" goal_id="360"/>
   <agent start_id="203" goal_id="835"/>
   <agent start_id="231" goal_id="733"/>
   <agent start_id="396" goal_id="150"/>
   <agent start_id="562" goal_id="186"/>
   <agent start_id="240" goal_id="872"/>
   <agent start_id="433" goal_id="187"/>
   <agent start_id="440" goal_id="65"/>
   <agent start_id="627" goal_id="380"/>
   <agent start_id="772" goal_id="396"/>
   <agent start_id="224" goal_id="855"/>
   <agent start_id="802" goal_id="556"/>
   <agent start_id="401" goal_id="26"/>
   <agent start_id="364" goal_id="117"/>
   <agent start_id="59" goal_id="839"/>
   <agent start_id="300" goal_id="561"/>
   <agent start_id="108" goal_id="154"/>
   <agent start_id="533" goal_id="611"/>
   <agent start_id="101" goal_id="191"/>
   <agent start_id="48" goal_id="147"/>
   <agent start_id="770" goal_id="523"/>
   <agent start_id="85" goal_id="716"/>
   <agent start_id="400" goal_id="25"/>
   <agent start_id="560" goal_id="314"/>
   <agent start_id="122" goal_id="753"/>
   <agent start_id="315" goal_id="68"/>
   <agent start_id="610" goal_id="234"/>
   <agent start_id="790" goal_id="544"/>
   <agent start_id="105" goal_id="737"/>
   <agent start_id="113" goal_id="615"/>
   <agent start_id="684" goal_id="437"/>
   <agent start_id="630" goal_id="384"/>
   <agent start_id="527" goal_id="151"/>
   <agent start_id="474" goal_id="228"/>
   <agent start_id="667" goal_id="421"/>
   <agent start_id="405" goal_id="29"/>
   <agent start_id="736" goal_id="529"/>
   <agent start_id="186" goal_id="641"/>
   <agent start_id="458" goal_id="211"/>
   <agent start_id="19" goal_id="651"/>
   <agent start_id="614" goal_id="239"/>
   <agent start_id="248" goal_id="2"/>
   <agent start_id="570" goal_id="194"/>
   <agent start_id="688" goal_id="441"/>
   <agent start_id="635" goal_id="388"/>
   <agent start_id="73" goal_id="575"/>
   <agent start_id="232" goal_id="863"/>
   <agent start_id="404" goal_id="28"/>
   <agent start_id="78" goal_id="580"/>
   <agent start_id="372" goal_id="126"/>
   <agent start_id="409" goal_id="34"/>
   <agent start_id="847" goal_id="319"/>
   <agent start_id="287" goal_id="162"/>
   <agent start_id="196" goal_id="790"/>
   <agent start_id="602" goal_id="243"/>
   <agent start_id="584" goal_id="701"/>
   <agent start_id="778" goal_id="531"/>
   <agent start_id="422" goal_id="751"/>
   <agent start_id="586" goal_id="77"/>
   <agent start_id="568" goal_id="40"/>
   <agent start_id="33" goal_id="535"/>
   <agent start_id="130" goal_id="761"/>
   <agent start_id="495" goal_id="82"/>
   <agent start_id="569" goal_id="323"/>
   <agent start_id="167" goal_id="798"/>
   <agent start_id="618" goal_id="242"/>
   <agent start_id="378" goal_id="419"/>
   <agent start_id="553" goal_id="307"/>
   <agent start_id="121" goal_id="623"/>
   <agent start_id="150" goal_id="782"/>
   <agent start_id="452" goal_id="76"/>
   <agent start_id="97" goal_id="729"/>
   <agent start_id="81" goal_id="675"/>
   <agent start_id="481" goal_id="584"/>
   <agent start_id="221" goal_id="37"/>
   <agent start_id="712" goal_id="466"/>
   <agent start_id="616" goal_id="86"/>
   <agent start_id="274" goal_id="793"/>
   <agent start_id="503" goal_id="256"/>
   <agent start_id="247" goal_id="749"/>
   <agent start_id="64" goal_id="696"/>
   <agent start_id="672" goal_id="296"/>
   <agent start_id="11" goal_id="643"/>
   <agent start_id="486" goal_id="240"/>
   <agent start_id="339" goal_id="583"/>
   <agent start_id="187" goal_id="818"/>
   <agent start_id="626" goal_id="588"/>
   <agent start_id="86" goal_id="614"/>
   <agent start_id="417" goal_id="42"/>
   <agent start_id="466" goal_id="170"/>
   <agent start_id="454" goal_id="91"/>
   <agent start_id="798" goal_id="364"/>
   <agent start_id="687" goal_id="422"/>
   <agent start_id="251" goal_id="386"/>
   <agent start_id="647" goal_id="401"/>
   <agent start_id="676" goal_id="300"/>
   <agent start_id="840" goal_id="594"/>
   <agent start_id="437" goal_id="85"/>
   <agent start_id="461" goal_id="459"/>
   <agent start_id="631" goal_id="134"/>
   <agent start_id="577" goal_id="331"/>
   <agent start_id="644" goal_id="90"/>
   <agent start_id="175" goal_id="806"/>
   <agent start_id="797" goal_id="342"/>
   <agent start_id="471" goal_id="516"/>
   <agent start_id="808" goal_id="465"/>
   <agent start_id="675" goal_id="530"/>
</root>