<?xml version="1.0" ?>
<root>
   <agent start_id="240" goal_id="590"/>
   <agent start_id="520" goal_id="144"/>
   <agent start_id="433" goal_id="187"/>
   <agent start_id="851" goal_id="475"/>
   <agent start_id="627" goal_id="380"/>
   <agent start_id="470" goal_id="224"/>
   <agent start_id="729" goal_id="354"/>
   <agent start_id="417" goal_id="171"/>
   <agent start_id="364" goal_id="118"/>
   <agent start_id="641" goal_id="265"/>
   <agent start_id="208" goal_id="557"/>
   <agent start_id="188" goal_id="690"/>
   <agent start_id="786" goal_id="540"/>
   <agent start_id="840" goal_id="594"/>
   <agent start_id="348" goal_id="850"/>
   <agent start_id="191" goal_id="823"/>
   <agent start_id="22" goal_id="524"/>
   <agent start_id="138" goal_id="770"/>
   <agent start_id="331" goal_id="85"/>
   <agent start_id="309" goal_id="811"/>
   <agent start_id="175" goal_id="807"/>
   <agent start_id="368" goal_id="122"/>
   <agent start_id="187" goal_id="689"/>
   <agent start_id="315" goal_id="69"/>
   <agent start_id="790" goal_id="262"/>
   <agent start_id="192" goal_id="694"/>
   <agent start_id="105" goal_id="737"/>
   <agent start_id="523" goal_id="148"/>
   <agent start_id="299" goal_id="52"/>
   <agent start_id="855" goal_id="479"/>
   <agent start_id="245" goal_id="877"/>
   <agent start_id="89" goal_id="721"/>
   <agent start_id="357" goal_id="860"/>
   <agent start_id="36" goal_id="667"/>
   <agent start_id="313" goal_id="815"/>
   <agent start_id="758" goal_id="511"/>
   <agent start_id="73" goal_id="704"/>
   <agent start_id="295" goal_id="638"/>
   <agent start_id="266" goal_id="20"/>
   <agent start_id="741" goal_id="495"/>
   <agent start_id="572" goal_id="196"/>
   <agent start_id="688" goal_id="442"/>
   <agent start_id="528" goal_id="152"/>
   <agent start_id="3" goal_id="635"/>
   <agent start_id="859" goal_id="483"/>
   <agent start_id="478" goal_id="828"/>
   <agent start_id="40" goal_id="672"/>
   <agent start_id="737" goal_id="362"/>
   <agent start_id="233" goal_id="865"/>
   <agent start_id="216" goal_id="565"/>
   <agent start_id="367" goal_id="869"/>
   <agent start_id="409" goal_id="163"/>
   <agent start_id="698" goal_id="322"/>
   <agent start_id="692" goal_id="446"/>
   <agent start_id="74" goal_id="576"/>
   <agent start_id="639" goal_id="393"/>
   <agent start_id="586" goal_id="339"/>
   <agent start_id="863" goal_id="488"/>
   <agent start_id="183" goal_id="533"/>
   <agent start_id="35" goal_id="537"/>
   <agent start_id="376" goal_id="130"/>
   <agent start_id="569" goal_id="323"/>
   <agent start_id="697" goal_id="131"/>
   <agent start_id="413" goal_id="167"/>
   <agent start_id="244" goal_id="747"/>
   <agent start_id="606" goal_id="360"/>
   <agent start_id="60" goal_id="692"/>
   <agent start_id="658" goal_id="0"/>
   <agent start_id="150" goal_id="782"/>
   <agent start_id="581" goal_id="205"/>
   <agent start_id="161" goal_id="482"/>
   <agent start_id="290" goal_id="44"/>
   <agent start_id="370" goal_id="492"/>
   <agent start_id="237" goal_id="166"/>
   <agent start_id="327" goal_id="81"/>
   <agent start_id="746" goal_id="370"/>
   <agent start_id="521" goal_id="274"/>
   <agent start_id="199" goal_id="702"/>
   <agent start_id="118" goal_id="749"/>
   <agent start_id="311" goal_id="65"/>
   <agent start_id="580" goal_id="204"/>
   <agent start_id="258" goal_id="11"/>
   <agent start_id="101" goal_id="733"/>
   <agent start_id="83" goal_id="585"/>
   <agent start_id="414" goal_id="48"/>
   <agent start_id="448" goal_id="38"/>
   <agent start_id="488" goal_id="241"/>
   <agent start_id="85" goal_id="717"/>
   <agent start_id="795" goal_id="419"/>
   <agent start_id="278" goal_id="32"/>
   <agent start_id="225" goal_id="857"/>
   <agent start_id="454" goal_id="803"/>
   <agent start_id="755" goal_id="324"/>
   <agent start_id="16" goal_id="647"/>
   <agent start_id="584" goal_id="209"/>
   <agent start_id="209" goal_id="840"/>
   <agent start_id="684" goal_id="438"/>
   <agent start_id="87" goal_id="589"/>
   <agent start_id="384" goal_id="138"/>
   <agent start_id="750" goal_id="824"/>
   <agent start_id="444" goal_id="374"/>
   <agent start_id="48" goal_id="550"/>
   <agent start_id="614" goal_id="368"/>
   <agent start_id="451" goal_id="379"/>
   <agent start_id="808" goal_id="561"/>
   <agent start_id="405" goal_id="158"/>
   <agent start_id="598" goal_id="352"/>
   <agent start_id="589" goal_id="213"/>
   <agent start_id="791" goal_id="545"/>
   <agent start_id="389" goal_id="142"/>
   <agent start_id="91" goal_id="518"/>
   <agent start_id="335" goal_id="89"/>
   <agent start_id="529" goal_id="282"/>
   <agent start_id="378" goal_id="3"/>
   <agent start_id="475" goal_id="229"/>
   <agent start_id="52" goal_id="554"/>
   <agent start_id="565" goal_id="319"/>
   <agent start_id="93" goal_id="725"/>
   <agent start_id="286" goal_id="40"/>
   <agent start_id="480" goal_id="233"/>
   <agent start_id="761" goal_id="383"/>
   <agent start_id="708" goal_id="180"/>
   <agent start_id="432" goal_id="56"/>
   <agent start_id="655" goal_id="409"/>
   <agent start_id="463" goal_id="217"/>
   <agent start_id="592" goal_id="643"/>
   <agent start_id="61" goal_id="266"/>
   <agent start_id="254" goal_id="7"/>
   <agent start_id="95" goal_id="597"/>
   <agent start_id="201" goal_id="832"/>
   <agent start_id="779" goal_id="729"/>
   <agent start_id="227" goal_id="286"/>
   <agent start_id="807" goal_id="431"/>
   <agent start_id="305" goal_id="366"/>
   <agent start_id="816" goal_id="569"/>
   <agent start_id="436" goal_id="763"/>
   <agent start_id="298" goal_id="61"/>
   <agent start_id="768" goal_id="392"/>
   <agent start_id="168" goal_id="799"/>
   <agent start_id="597" goal_id="221"/>
   <agent start_id="397" goal_id="746"/>
   <agent start_id="270" goal_id="773"/>
   <agent start_id="590" goal_id="343"/>
   <agent start_id="152" goal_id="783"/>
   <agent start_id="431" goal_id="55"/>
   <agent start_id="789" goal_id="104"/>
   <agent start_id="574" goal_id="327"/>
   <agent start_id="487" goal_id="60"/>
   <agent start_id="135" goal_id="767"/>
   <agent start_id="610" goal_id="364"/>
</root>