<?xml version="1.0" ?>
<root>
   <agent start_id="304" goal_id="57"/>
   <agent start_id="148" goal_id="779"/>
   <agent start_id="94" goal_id="726"/>
   <agent start_id="413" goal_id="38"/>
   <agent start_id="288" goal_id="41"/>
   <agent start_id="463" goal_id="87"/>
   <agent start_id="763" goal_id="516"/>
   <agent start_id="571" goal_id="324"/>
   <agent start_id="120" goal_id="623"/>
   <agent start_id="518" goal_id="271"/>
   <agent start_id="672" goal_id="297"/>
   <agent start_id="746" goal_id="500"/>
   <agent start_id="62" goal_id="693"/>
   <agent start_id="81" goal_id="584"/>
   <agent start_id="255" goal_id="8"/>
   <agent start_id="730" goal_id="484"/>
   <agent start_id="462" goal_id="86"/>
   <agent start_id="45" goal_id="677"/>
   <agent start_id="793" goal_id="418"/>
   <agent start_id="870" goal_id="624"/>
   <agent start_id="82" goal_id="714"/>
   <agent start_id="671" goal_id="296"/>
   <agent start_id="275" goal_id="29"/>
   <agent start_id="469" goal_id="222"/>
   <agent start_id="174" goal_id="122"/>
   <agent start_id="451" goal_id="205"/>
   <agent start_id="644" goal_id="398"/>
   <agent start_id="86" goal_id="588"/>
   <agent start_id="837" goal_id="591"/>
   <agent start_id="135" goal_id="637"/>
   <agent start_id="188" goal_id="538"/>
   <agent start_id="874" goal_id="628"/>
   <agent start_id="295" goal_id="798"/>
   <agent start_id="190" goal_id="821"/>
   <agent start_id="665" goal_id="300"/>
   <agent start_id="676" goal_id="655"/>
   <agent start_id="858" goal_id="612"/>
   <agent start_id="558" goal_id="312"/>
   <agent start_id="305" goal_id="808"/>
   <agent start_id="156" goal_id="787"/>
   <agent start_id="637" goal_id="261"/>
   <agent start_id="349" goal_id="102"/>
   <agent start_id="788" goal_id="542"/>
   <agent start_id="515" goal_id="139"/>
   <agent start_id="386" goal_id="471"/>
   <agent start_id="579" goal_id="333"/>
   <agent start_id="300" goal_id="802"/>
   <agent start_id="772" goal_id="526"/>
   <agent start_id="123" goal_id="755"/>
   <agent start_id="493" goal_id="807"/>
   <agent start_id="316" goal_id="70"/>
   <agent start_id="636" goal_id="260"/>
   <agent start_id="756" goal_id="509"/>
   <agent start_id="353" goal_id="107"/>
   <agent start_id="514" goal_id="314"/>
   <agent start_id="546" goal_id="470"/>
   <agent start_id="739" goal_id="493"/>
   <agent start_id="17" goal_id="519"/>
   <agent start_id="337" goal_id="90"/>
   <agent start_id="348" goal_id="851"/>
   <agent start_id="284" goal_id="37"/>
   <agent start_id="127" goal_id="477"/>
   <agent start_id="133" goal_id="353"/>
   <agent start_id="706" goal_id="459"/>
   <agent start_id="21" goal_id="652"/>
   <agent start_id="640" goal_id="265"/>
   <agent start_id="214" goal_id="846"/>
   <agent start_id="689" goal_id="443"/>
   <agent start_id="143" goal_id="645"/>
   <agent start_id="4" goal_id="636"/>
   <agent start_id="474" goal_id="99"/>
   <agent start_id="198" goal_id="829"/>
   <agent start_id="41" goal_id="673"/>
   <agent start_id="352" goal_id="855"/>
   <agent start_id="235" goal_id="866"/>
   <agent start_id="813" goal_id="566"/>
   <agent start_id="860" goal_id="845"/>
   <agent start_id="25" goal_id="657"/>
   <agent start_id="186" goal_id="689"/>
   <agent start_id="850" goal_id="603"/>
   <agent start_id="165" goal_id="797"/>
   <agent start_id="192" goal_id="694"/>
   <agent start_id="523" goal_id="394"/>
   <agent start_id="587" goal_id="341"/>
   <agent start_id="479" goal_id="103"/>
   <agent start_id="780" goal_id="534"/>
   <agent start_id="528" goal_id="152"/>
   <agent start_id="377" goal_id="131"/>
   <agent start_id="324" goal_id="78"/>
   <agent start_id="485" goal_id="238"/>
   <agent start_id="532" goal_id="157"/>
   <agent start_id="817" goal_id="570"/>
   <agent start_id="317" goal_id="819"/>
   <agent start_id="166" goal_id="228"/>
   <agent start_id="366" goal_id="869"/>
   <agent start_id="66" goal_id="697"/>
   <agent start_id="350" goal_id="322"/>
   <agent start_id="505" goal_id="259"/>
   <agent start_id="527" goal_id="151"/>
   <agent start_id="699" goal_id="452"/>
   <agent start_id="681" goal_id="435"/>
   <agent start_id="233" goal_id="658"/>
   <agent start_id="243" goal_id="874"/>
   <agent start_id="436" goal_id="189"/>
   <agent start_id="34" goal_id="537"/>
   <agent start_id="33" goal_id="665"/>
   <agent start_id="588" goal_id="868"/>
   <agent start_id="226" goal_id="858"/>
   <agent start_id="805" goal_id="558"/>
   <agent start_id="873" goal_id="497"/>
   <agent start_id="648" goal_id="402"/>
   <agent start_id="842" goal_id="595"/>
   <agent start_id="155" goal_id="765"/>
   <agent start_id="403" goal_id="801"/>
   <agent start_id="862" goal_id="850"/>
   <agent start_id="632" goal_id="386"/>
   <agent start_id="825" goal_id="579"/>
   <agent start_id="867" goal_id="492"/>
   <agent start_id="140" goal_id="772"/>
   <agent start_id="616" goal_id="369"/>
   <agent start_id="370" goal_id="872"/>
   <agent start_id="177" goal_id="809"/>
   <agent start_id="653" goal_id="124"/>
   <agent start_id="530" goal_id="155"/>
   <agent start_id="599" goal_id="706"/>
   <agent start_id="161" goal_id="793"/>
   <agent start_id="733" goal_id="535"/>
   <agent start_id="108" goal_id="739"/>
   <agent start_id="540" goal_id="165"/>
   <agent start_id="726" goal_id="192"/>
   <agent start_id="872" goal_id="283"/>
   <agent start_id="723" goal_id="545"/>
   <agent start_id="43" goal_id="10"/>
   <agent start_id="320" goal_id="74"/>
   <agent start_id="374" goal_id="877"/>
   <agent start_id="267" goal_id="21"/>
   <agent start_id="707" goal_id="460"/>
   <agent start_id="159" goal_id="379"/>
   <agent start_id="58" goal_id="335"/>
   <agent start_id="251" goal_id="4"/>
   <agent start_id="690" goal_id="444"/>
   <agent start_id="871" goal_id="213"/>
   <agent start_id="42" goal_id="847"/>
   <agent start_id="866" goal_id="620"/>
   <agent start_id="674" goal_id="428"/>
   <agent start_id="705" goal_id="47"/>
   <agent start_id="379" goal_id="656"/>
   <agent start_id="218" goal_id="334"/>
   <agent start_id="710" goal_id="84"/>
   <agent start_id="411" goal_id="384"/>
</root>