<?xml version="1.0" ?>
<root>
   <agent start_id="531" goal_id="284"/>
   <agent start_id="92" goal_id="724"/>
   <agent start_id="232" goal_id="735"/>
   <agent start_id="568" goal_id="321"/>
   <agent start_id="514" goal_id="268"/>
   <agent start_id="237" goal_id="740"/>
   <agent start_id="708" goal_id="461"/>
   <agent start_id="569" goal_id="193"/>
   <agent start_id="305" goal_id="59"/>
   <agent start_id="113" goal_id="745"/>
   <agent start_id="823" goal_id="447"/>
   <agent start_id="588" goal_id="60"/>
   <agent start_id="276" goal_id="778"/>
   <agent start_id="289" goal_id="42"/>
   <agent start_id="235" goal_id="867"/>
   <agent start_id="408" goal_id="32"/>
   <agent start_id="325" goal_id="675"/>
   <agent start_id="519" goal_id="272"/>
   <agent start_id="662" goal_id="286"/>
   <agent start_id="712" goal_id="466"/>
   <agent start_id="309" goal_id="659"/>
   <agent start_id="446" goal_id="71"/>
   <agent start_id="256" goal_id="10"/>
   <agent start_id="120" goal_id="622"/>
   <agent start_id="203" goal_id="834"/>
   <agent start_id="293" goal_id="642"/>
   <agent start_id="280" goal_id="783"/>
   <agent start_id="486" goal_id="240"/>
   <agent start_id="679" goal_id="433"/>
   <agent start_id="661" goal_id="285"/>
   <agent start_id="30" goal_id="380"/>
   <agent start_id="617" goal_id="241"/>
   <agent start_id="223" goal_id="855"/>
   <agent start_id="417" goal_id="170"/>
   <agent start_id="119" goal_id="292"/>
   <agent start_id="363" goal_id="117"/>
   <agent start_id="839" goal_id="592"/>
   <agent start_id="124" goal_id="627"/>
   <agent start_id="785" goal_id="539"/>
   <agent start_id="80" goal_id="583"/>
   <agent start_id="875" goal_id="347"/>
   <agent start_id="285" goal_id="787"/>
   <agent start_id="576" goal_id="329"/>
   <agent start_id="137" goal_id="769"/>
   <agent start_id="290" goal_id="792"/>
   <agent start_id="84" goal_id="716"/>
   <agent start_id="559" goal_id="313"/>
   <agent start_id="295" goal_id="797"/>
   <agent start_id="753" goal_id="506"/>
   <agent start_id="453" goal_id="207"/>
   <agent start_id="206" goal_id="709"/>
   <agent start_id="543" goal_id="297"/>
   <agent start_id="129" goal_id="631"/>
   <agent start_id="791" goal_id="416"/>
   <agent start_id="527" goal_id="280"/>
   <agent start_id="841" goal_id="465"/>
   <agent start_id="474" goal_id="227"/>
   <agent start_id="667" goal_id="420"/>
   <agent start_id="250" goal_id="752"/>
   <agent start_id="264" goal_id="18"/>
   <agent start_id="299" goal_id="801"/>
   <agent start_id="457" goal_id="211"/>
   <agent start_id="651" goal_id="404"/>
   <agent start_id="484" goal_id="586"/>
   <agent start_id="741" goal_id="494"/>
   <agent start_id="441" goal_id="195"/>
   <agent start_id="464" goal_id="89"/>
   <agent start_id="634" goal_id="388"/>
   <agent start_id="231" goal_id="863"/>
   <agent start_id="845" goal_id="469"/>
   <agent start_id="178" goal_id="810"/>
   <agent start_id="445" goal_id="199"/>
   <agent start_id="11" goal_id="513"/>
   <agent start_id="392" goal_id="146"/>
   <agent start_id="844" goal_id="789"/>
   <agent start_id="339" goal_id="92"/>
   <agent start_id="814" goal_id="568"/>
   <agent start_id="849" goal_id="474"/>
   <agent start_id="376" goal_id="129"/>
   <agent start_id="851" goal_id="322"/>
   <agent start_id="217" goal_id="634"/>
   <agent start_id="166" goal_id="798"/>
   <agent start_id="181" goal_id="794"/>
   <agent start_id="359" goal_id="113"/>
   <agent start_id="306" goal_id="443"/>
   <agent start_id="468" goal_id="141"/>
   <agent start_id="150" goal_id="781"/>
   <agent start_id="728" goal_id="482"/>
   <agent start_id="473" goal_id="98"/>
   <agent start_id="43" goal_id="429"/>
   <agent start_id="854" goal_id="478"/>
   <agent start_id="215" goal_id="559"/>
   <agent start_id="307" goal_id="809"/>
   <agent start_id="448" goal_id="641"/>
   <agent start_id="659" goal_id="412"/>
   <agent start_id="502" goal_id="256"/>
   <agent start_id="688" goal_id="312"/>
   <agent start_id="695" goal_id="449"/>
   <agent start_id="141" goal_id="643"/>
   <agent start_id="472" goal_id="97"/>
   <agent start_id="240" goal_id="871"/>
   <agent start_id="146" goal_id="649"/>
   <agent start_id="433" goal_id="186"/>
   <agent start_id="626" goal_id="446"/>
   <agent start_id="809" goal_id="165"/>
   <agent start_id="470" goal_id="223"/>
   <agent start_id="416" goal_id="814"/>
   <agent start_id="311" goal_id="630"/>
   <agent start_id="610" goal_id="363"/>
   <agent start_id="643" goal_id="267"/>
   <agent start_id="207" goal_id="838"/>
   <agent start_id="400" goal_id="154"/>
   <agent start_id="145" goal_id="648"/>
   <agent start_id="347" goal_id="100"/>
   <agent start_id="822" goal_id="576"/>
   <agent start_id="635" goal_id="653"/>
   <agent start_id="482" goal_id="106"/>
   <agent start_id="331" goal_id="84"/>
   <agent start_id="813" goal_id="438"/>
   <agent start_id="806" goal_id="487"/>
   <agent start_id="862" goal_id="518"/>
   <agent start_id="121" goal_id="753"/>
   <agent start_id="314" goal_id="68"/>
   <agent start_id="647" goal_id="748"/>
   <agent start_id="789" goal_id="543"/>
   <agent start_id="105" goal_id="736"/>
   <agent start_id="825" goal_id="652"/>
   <agent start_id="298" goal_id="51"/>
   <agent start_id="481" goal_id="523"/>
   <agent start_id="773" goal_id="527"/>
   <agent start_id="720" goal_id="473"/>
   <agent start_id="707" goal_id="111"/>
   <agent start_id="35" goal_id="667"/>
   <agent start_id="510" goal_id="264"/>
   <agent start_id="867" goal_id="491"/>
   <agent start_id="704" goal_id="457"/>
   <agent start_id="320" goal_id="823"/>
   <agent start_id="19" goal_id="650"/>
   <agent start_id="494" goal_id="248"/>
   <agent start_id="701" goal_id="325"/>
   <agent start_id="687" goal_id="441"/>
   <agent start_id="2" goal_id="110"/>
   <agent start_id="485" goal_id="644"/>
   <agent start_id="478" goal_id="231"/>
   <agent start_id="535" goal_id="159"/>
   <agent start_id="671" goal_id="828"/>
   <agent start_id="864" goal_id="618"/>
   <agent start_id="319" goal_id="183"/>
   <agent start_id="461" goal_id="215"/>
   <agent start_id="369" goal_id="625"/>
</root>