<?xml version="1.0" ?>
<root>
   <agent start_id="2490" goal_id="5756"/>
   <agent start_id="8913" goal_id="837"/>
   <agent start_id="5357" goal_id="5859"/>
   <agent start_id="1143" goal_id="4409"/>
   <agent start_id="944" goal_id="4209"/>
   <agent start_id="10123" goal_id="10625"/>
   <agent start_id="1416" goal_id="4682"/>
   <agent start_id="6299" goal_id="9564"/>
   <agent start_id="8448" goal_id="8950"/>
   <agent start_id="5499" goal_id="8764"/>
   <agent start_id="4243" goal_id="4746"/>
   <agent start_id="2705" goal_id="5971"/>
   <agent start_id="6390" goal_id="9655"/>
   <agent start_id="2617" goal_id="3119"/>
   <agent start_id="10435" goal_id="2359"/>
   <agent start_id="1198" goal_id="4464"/>
   <agent start_id="2574" goal_id="3077"/>
   <agent start_id="10326" goal_id="2250"/>
   <agent start_id="2015" goal_id="5281"/>
   <agent start_id="9953" goal_id="10455"/>
   <agent start_id="855" goal_id="4120"/>
   <agent start_id="7283" goal_id="7786"/>
   <agent start_id="2906" goal_id="6172"/>
   <agent start_id="727" goal_id="3992"/>
   <agent start_id="8737" goal_id="9240"/>
   <agent start_id="7911" goal_id="1093"/>
   <agent start_id="2002" goal_id="2504"/>
   <agent start_id="399" goal_id="3665"/>
   <agent start_id="818" goal_id="4083"/>
   <agent start_id="2907" goal_id="3409"/>
   <agent start_id="637" goal_id="3903"/>
   <agent start_id="3815" goal_id="7081"/>
   <agent start_id="7422" goal_id="7924"/>
   <agent start_id="6734" goal_id="9999"/>
   <agent start_id="4559" goal_id="7825"/>
   <agent start_id="3486" goal_id="3988"/>
   <agent start_id="4539" goal_id="7805"/>
   <agent start_id="1074" goal_id="4339"/>
   <agent start_id="288" goal_id="3554"/>
   <agent start_id="1248" goal_id="1751"/>
   <agent start_id="4577" goal_id="7843"/>
   <agent start_id="4207" goal_id="4710"/>
   <agent start_id="4537" goal_id="7802"/>
   <agent start_id="6915" goal_id="96"/>
   <agent start_id="6777" goal_id="7279"/>
   <agent start_id="2815" goal_id="6081"/>
   <agent start_id="7186" goal_id="7688"/>
   <agent start_id="8459" goal_id="382"/>
   <agent start_id="1815" goal_id="5081"/>
   <agent start_id="1429" goal_id="1932"/>
   <agent start_id="3359" goal_id="6625"/>
   <agent start_id="5411" goal_id="8676"/>
   <agent start_id="7091" goal_id="4501"/>
   <agent start_id="6395" goal_id="9661"/>
   <agent start_id="1368" goal_id="1870"/>
   <agent start_id="7281" goal_id="10547"/>
   <agent start_id="11327" goal_id="3251"/>
   <agent start_id="6413" goal_id="6915"/>
   <agent start_id="1597" goal_id="4863"/>
   <agent start_id="1509" goal_id="4775"/>
   <agent start_id="8916" goal_id="9419"/>
   <agent start_id="11106" goal_id="3029"/>
   <agent start_id="8872" goal_id="9374"/>
   <agent start_id="9871" goal_id="1795"/>
   <agent start_id="3798" goal_id="7064"/>
   <agent start_id="9998" goal_id="10500"/>
   <agent start_id="10783" goal_id="2706"/>
   <agent start_id="8803" goal_id="727"/>
   <agent start_id="3673" goal_id="4176"/>
   <agent start_id="8763" goal_id="1944"/>
   <agent start_id="730" goal_id="3996"/>
   <agent start_id="1404" goal_id="1906"/>
   <agent start_id="10872" goal_id="2796"/>
   <agent start_id="3731" goal_id="4233"/>
   <agent start_id="968" goal_id="4234"/>
   <agent start_id="10545" goal_id="2468"/>
   <agent start_id="8450" goal_id="8953"/>
   <agent start_id="5973" goal_id="9238"/>
   <agent start_id="10743" goal_id="2667"/>
   <agent start_id="3401" goal_id="2110"/>
   <agent start_id="9568" goal_id="1492"/>
   <agent start_id="9029" goal_id="9532"/>
   <agent start_id="4558" goal_id="7823"/>
   <agent start_id="8482" goal_id="8985"/>
   <agent start_id="2885" goal_id="6150"/>
   <agent start_id="9694" goal_id="1618"/>
   <agent start_id="10532" goal_id="11034"/>
   <agent start_id="3776" goal_id="7041"/>
   <agent start_id="183" goal_id="3449"/>
   <agent start_id="4476" goal_id="4978"/>
   <agent start_id="1917" goal_id="9565"/>
   <agent start_id="7045" goal_id="10310"/>
   <agent start_id="7548" goal_id="8050"/>
   <agent start_id="3014" goal_id="6279"/>
   <agent start_id="1965" goal_id="5231"/>
   <agent start_id="1223" goal_id="1726"/>
   <agent start_id="7145" goal_id="327"/>
   <agent start_id="2231" goal_id="5497"/>
   <agent start_id="3727" goal_id="4229"/>
   <agent start_id="4770" goal_id="8806"/>
   <agent start_id="2206" goal_id="5272"/>
   <agent start_id="1490" goal_id="4755"/>
   <agent start_id="2888" goal_id="6153"/>
   <agent start_id="5815" goal_id="6317"/>
   <agent start_id="748" goal_id="4013"/>
   <agent start_id="9804" goal_id="1727"/>
   <agent start_id="7910" goal_id="8412"/>
   <agent start_id="7771" goal_id="8274"/>
   <agent start_id="4119" goal_id="9730"/>
   <agent start_id="3037" goal_id="6303"/>
   <agent start_id="2491" goal_id="2217"/>
   <agent start_id="1715" goal_id="6457"/>
   <agent start_id="8042" goal_id="11308"/>
   <agent start_id="3664" goal_id="6930"/>
   <agent start_id="10911" goal_id="72"/>
   <agent start_id="1928" goal_id="5194"/>
   <agent start_id="8891" goal_id="9393"/>
   <agent start_id="9872" goal_id="1796"/>
   <agent start_id="207" goal_id="3472"/>
   <agent start_id="5098" goal_id="5600"/>
   <agent start_id="8151" goal_id="74"/>
   <agent start_id="6191" goal_id="9457"/>
   <agent start_id="1947" goal_id="2449"/>
   <agent start_id="8349" goal_id="273"/>
   <agent start_id="5547" goal_id="6049"/>
   <agent start_id="10440" goal_id="2364"/>
   <agent start_id="7042" goal_id="10308"/>
   <agent start_id="7092" goal_id="7595"/>
   <agent start_id="9093" goal_id="2275"/>
   <agent start_id="4668" goal_id="7933"/>
   <agent start_id="4964" goal_id="5466"/>
   <agent start_id="3361" goal_id="6627"/>
   <agent start_id="4734" goal_id="5236"/>
   <agent start_id="5933" goal_id="9199"/>
   <agent start_id="6957" goal_id="10222"/>
   <agent start_id="7303" goal_id="933"/>
   <agent start_id="6283" goal_id="9549"/>
   <agent start_id="9945" goal_id="363"/>
   <agent start_id="1906" goal_id="5171"/>
   <agent start_id="7828" goal_id="11093"/>
   <agent start_id="6654" goal_id="7156"/>
   <agent start_id="8607" goal_id="531"/>
   <agent start_id="329" goal_id="4756"/>
   <agent start_id="9653" goal_id="832"/>
   <agent start_id="4628" goal_id="7894"/>
   <agent start_id="749" goal_id="4014"/>
   <agent start_id="9794" goal_id="10296"/>
   <agent start_id="55" goal_id="3321"/>
   <agent start_id="7" goal_id="3273"/>
   <agent start_id="7916" goal_id="8419"/>
   <agent start_id="293" goal_id="3559"/>
   <agent start_id="9443" goal_id="9945"/>
   <agent start_id="3324" goal_id="6590"/>
   <agent start_id="9309" goal_id="2490"/>
   <agent start_id="2726" goal_id="3229"/>
   <agent start_id="1603" goal_id="4868"/>
   <agent start_id="7914" goal_id="11180"/>
   <agent start_id="2514" goal_id="3016"/>
   <agent start_id="861" goal_id="4127"/>
   <agent start_id="602" goal_id="3867"/>
   <agent start_id="4627" goal_id="5130"/>
   <agent start_id="10856" goal_id="2780"/>
   <agent start_id="7805" goal_id="987"/>
   <agent start_id="6473" goal_id="6975"/>
   <agent start_id="11094" goal_id="3018"/>
   <agent start_id="3227" goal_id="3729"/>
   <agent start_id="6717" goal_id="9982"/>
   <agent start_id="7370" goal_id="551"/>
   <agent start_id="10411" goal_id="10914"/>
   <agent start_id="4689" goal_id="7954"/>
   <agent start_id="2467" goal_id="2969"/>
   <agent start_id="6281" goal_id="9547"/>
   <agent start_id="7679" goal_id="861"/>
   <agent start_id="2113" goal_id="2616"/>
   <agent start_id="8" goal_id="3274"/>
   <agent start_id="2600" goal_id="5866"/>
   <agent start_id="7131" goal_id="2581"/>
   <agent start_id="4193" goal_id="7458"/>
   <agent start_id="4070" goal_id="4572"/>
   <agent start_id="8287" goal_id="405"/>
   <agent start_id="1818" goal_id="5084"/>
   <agent start_id="1941" goal_id="2443"/>
   <agent start_id="6482" goal_id="9747"/>
   <agent start_id="2709" goal_id="5975"/>
   <agent start_id="315" goal_id="817"/>
   <agent start_id="5087" goal_id="8353"/>
   <agent start_id="76" goal_id="3342"/>
   <agent start_id="5649" goal_id="6152"/>
   <agent start_id="3906" goal_id="7172"/>
   <agent start_id="4504" goal_id="5007"/>
   <agent start_id="4325" goal_id="7591"/>
   <agent start_id="2472" goal_id="5738"/>
   <agent start_id="10546" goal_id="11048"/>
   <agent start_id="9330" goal_id="2511"/>
   <agent start_id="230" goal_id="732"/>
   <agent start_id="7579" goal_id="761"/>
   <agent start_id="8588" goal_id="512"/>
   <agent start_id="8436" goal_id="8938"/>
   <agent start_id="8874" goal_id="2056"/>
   <agent start_id="1821" goal_id="5087"/>
   <agent start_id="2837" goal_id="3340"/>
   <agent start_id="2908" goal_id="6173"/>
   <agent start_id="8106" goal_id="1641"/>
   <agent start_id="5916" goal_id="8608"/>
   <agent start_id="1937" goal_id="4325"/>
   <agent start_id="2492" goal_id="5758"/>
   <agent start_id="636" goal_id="1139"/>
   <agent start_id="1054" goal_id="4319"/>
   <agent start_id="8608" goal_id="532"/>
   <agent start_id="4602" goal_id="5105"/>
   <agent start_id="6935" goal_id="10201"/>
   <agent start_id="1039" goal_id="1541"/>
   <agent start_id="1515" goal_id="4781"/>
   <agent start_id="6846" goal_id="10112"/>
   <agent start_id="7580" goal_id="8083"/>
   <agent start_id="8245" goal_id="168"/>
   <agent start_id="5412" goal_id="8678"/>
   <agent start_id="2280" goal_id="2782"/>
   <agent start_id="8483" goal_id="406"/>
   <agent start_id="243" goal_id="745"/>
   <agent start_id="3452" goal_id="6717"/>
   <agent start_id="5762" goal_id="8677"/>
   <agent start_id="2397" goal_id="6265"/>
   <agent start_id="9549" goal_id="2730"/>
   <agent start_id="8027" goal_id="11293"/>
   <agent start_id="7282" goal_id="7785"/>
   <agent start_id="8018" goal_id="2287"/>
   <agent start_id="2928" goal_id="6193"/>
   <agent start_id="5886" goal_id="4887"/>
   <agent start_id="1621" goal_id="6158"/>
   <agent start_id="3126" goal_id="6392"/>
   <agent start_id="837" goal_id="1339"/>
   <agent start_id="4237" goal_id="7503"/>
   <agent start_id="4670" goal_id="7936"/>
   <agent start_id="7629" goal_id="8132"/>
   <agent start_id="2237" goal_id="5503"/>
   <agent start_id="3174" goal_id="3676"/>
   <agent start_id="2710" goal_id="5976"/>
   <agent start_id="3128" goal_id="6394"/>
   <agent start_id="1548" goal_id="2050"/>
   <agent start_id="4990" goal_id="8256"/>
   <agent start_id="1295" goal_id="4560"/>
   <agent start_id="2778" goal_id="3280"/>
   <agent start_id="10677" goal_id="2601"/>
   <agent start_id="8025" goal_id="11290"/>
   <agent start_id="8817" goal_id="9320"/>
   <agent start_id="319" goal_id="3584"/>
   <agent start_id="3357" goal_id="3859"/>
   <agent start_id="9262" goal_id="1186"/>
   <agent start_id="5977" goal_id="9242"/>
   <agent start_id="6710" goal_id="7212"/>
   <agent start_id="6916" goal_id="97"/>
   <agent start_id="11205" goal_id="3128"/>
   <agent start_id="8272" goal_id="8775"/>
   <agent start_id="10985" goal_id="2908"/>
   <agent start_id="1602" goal_id="3206"/>
   <agent start_id="2704" goal_id="2230"/>
   <agent start_id="5432" goal_id="8698"/>
   <agent start_id="1558" goal_id="2061"/>
   <agent start_id="8463" goal_id="387"/>
   <agent start_id="6698" goal_id="9964"/>
   <agent start_id="7777" goal_id="686"/>
   <agent start_id="7722" goal_id="10987"/>
   <agent start_id="8155" goal_id="78"/>
   <agent start_id="5218" goal_id="5720"/>
   <agent start_id="2364" goal_id="5630"/>
   <agent start_id="10831" goal_id="5215"/>
   <agent start_id="1949" goal_id="7770"/>
   <agent start_id="7266" goal_id="10531"/>
   <agent start_id="5286" goal_id="8552"/>
   <agent start_id="4701" goal_id="5203"/>
   <agent start_id="5871" goal_id="9137"/>
   <agent start_id="2468" goal_id="5734"/>
   <agent start_id="3745" goal_id="4247"/>
   <agent start_id="8263" goal_id="187"/>
   <agent start_id="109" goal_id="611"/>
   <agent start_id="10344" goal_id="2268"/>
   <agent start_id="10787" goal_id="2711"/>
   <agent start_id="10076" goal_id="10578"/>
   <agent start_id="385" goal_id="3650"/>
   <agent start_id="4674" goal_id="7939"/>
   <agent start_id="1554" goal_id="2057"/>
   <agent start_id="7086" goal_id="10352"/>
   <agent start_id="2021" goal_id="5286"/>
   <agent start_id="1341" goal_id="1844"/>
   <agent start_id="8005" goal_id="1187"/>
   <agent start_id="3008" goal_id="3511"/>
   <agent start_id="952" goal_id="4218"/>
   <agent start_id="8243" goal_id="167"/>
   <agent start_id="3047" goal_id="3549"/>
   <agent start_id="1843" goal_id="5109"/>
   <agent start_id="9134" goal_id="1058"/>
   <agent start_id="1420" goal_id="1923"/>
   <agent start_id="11186" goal_id="3109"/>
   <agent start_id="2463" goal_id="2966"/>
   <agent start_id="8767" goal_id="1949"/>
   <agent start_id="10444" goal_id="2367"/>
   <agent start_id="586" goal_id="1088"/>
   <agent start_id="9117" goal_id="1041"/>
   <agent start_id="7352" goal_id="534"/>
   <agent start_id="1816" goal_id="2319"/>
   <agent start_id="5018" goal_id="8283"/>
   <agent start_id="5631" goal_id="8896"/>
   <agent start_id="8107" goal_id="8609"/>
   <agent start_id="7029" goal_id="210"/>
   <agent start_id="4256" goal_id="7522"/>
   <agent start_id="2099" goal_id="2602"/>
   <agent start_id="4542" goal_id="7808"/>
   <agent start_id="3626" goal_id="4128"/>
   <agent start_id="9353" goal_id="1276"/>
   <agent start_id="8811" goal_id="735"/>
   <agent start_id="10052" goal_id="8064"/>
   <agent start_id="1494" goal_id="4760"/>
   <agent start_id="5178" goal_id="8444"/>
   <agent start_id="5433" goal_id="5935"/>
   <agent start_id="5612" goal_id="8877"/>
   <agent start_id="3003" goal_id="8513"/>
   <agent start_id="5416" goal_id="8682"/>
   <agent start_id="6849" goal_id="10115"/>
   <agent start_id="5429" goal_id="5931"/>
   <agent start_id="8071" goal_id="9441"/>
   <agent start_id="4001" goal_id="7267"/>
   <agent start_id="7494" goal_id="7996"/>
   <agent start_id="5434" goal_id="8700"/>
   <agent start_id="5545" goal_id="8811"/>
   <agent start_id="8879" goal_id="4705"/>
   <agent start_id="7958" goal_id="11224"/>
   <agent start_id="9897" goal_id="1821"/>
   <agent start_id="801" goal_id="1303"/>
   <agent start_id="3346" goal_id="6611"/>
   <agent start_id="845" goal_id="2866"/>
   <agent start_id="10489" goal_id="7502"/>
   <agent start_id="10865" goal_id="10991"/>
   <agent start_id="1931" goal_id="5196"/>
   <agent start_id="2796" goal_id="3298"/>
   <agent start_id="3021" goal_id="6287"/>
   <agent start_id="3336" goal_id="3839"/>
   <agent start_id="842" goal_id="4108"/>
   <agent start_id="8399" goal_id="8901"/>
   <agent start_id="4692" goal_id="7958"/>
   <agent start_id="1459" goal_id="1961"/>
   <agent start_id="753" goal_id="4019"/>
   <agent start_id="11174" goal_id="335"/>
   <agent start_id="9591" goal_id="3860"/>
   <agent start_id="8594" goal_id="518"/>
   <agent start_id="859" goal_id="4124"/>
   <agent start_id="812" goal_id="1314"/>
   <agent start_id="7248" goal_id="429"/>
   <agent start_id="2291" goal_id="5556"/>
   <agent start_id="1287" goal_id="1789"/>
   <agent start_id="6506" goal_id="9771"/>
   <agent start_id="3166" goal_id="3669"/>
   <agent start_id="1495" goal_id="4761"/>
   <agent start_id="4039" goal_id="7305"/>
   <agent start_id="2386" goal_id="5652"/>
   <agent start_id="8156" goal_id="80"/>
   <agent start_id="4139" goal_id="4641"/>
   <agent start_id="8063" goal_id="11329"/>
   <agent start_id="5144" goal_id="5646"/>
   <agent start_id="951" goal_id="4216"/>
   <agent start_id="6103" goal_id="9368"/>
   <agent start_id="9612" goal_id="6649"/>
   <agent start_id="9660" goal_id="2842"/>
   <agent start_id="10878" goal_id="2801"/>
   <agent start_id="10832" goal_id="11334"/>
   <agent start_id="2567" goal_id="5832"/>
   <agent start_id="9858" goal_id="3039"/>
   <agent start_id="786" goal_id="1289"/>
   <agent start_id="2805" goal_id="6070"/>
   <agent start_id="8551" goal_id="4248"/>
   <agent start_id="625" goal_id="4659"/>
   <agent start_id="2063" goal_id="5328"/>
   <agent start_id="1868" goal_id="2370"/>
   <agent start_id="8394" goal_id="318"/>
   <agent start_id="9899" goal_id="1823"/>
   <agent start_id="7843" goal_id="8346"/>
   <agent start_id="648" goal_id="3913"/>
   <agent start_id="3890" goal_id="10225"/>
   <agent start_id="6959" goal_id="9640"/>
   <agent start_id="6306" goal_id="9571"/>
   <agent start_id="5985" goal_id="6487"/>
   <agent start_id="6592" goal_id="9858"/>
   <agent start_id="9901" goal_id="1825"/>
   <agent start_id="8554" goal_id="9057"/>
   <agent start_id="8965" goal_id="10988"/>
   <agent start_id="7902" goal_id="1083"/>
   <agent start_id="6677" goal_id="7179"/>
   <agent start_id="1516" goal_id="4782"/>
   <agent start_id="3802" goal_id="7068"/>
   <agent start_id="3526" goal_id="4029"/>
   <agent start_id="6613" goal_id="9879"/>
   <agent start_id="5461" goal_id="2081"/>
   <agent start_id="8899" goal_id="9817"/>
   <agent start_id="7377" goal_id="10643"/>
   <agent start_id="7073" goal_id="7575"/>
   <agent start_id="7684" goal_id="865"/>
   <agent start_id="9248" goal_id="1172"/>
   <agent start_id="7362" goal_id="7865"/>
   <agent start_id="8527" goal_id="9029"/>
   <agent start_id="9485" goal_id="10182"/>
   <agent start_id="5419" goal_id="9987"/>
   <agent start_id="2457" goal_id="5722"/>
   <agent start_id="2470" goal_id="2973"/>
   <agent start_id="3894" goal_id="7160"/>
   <agent start_id="593" goal_id="1095"/>
   <agent start_id="10466" goal_id="4736"/>
   <agent start_id="5633" goal_id="8899"/>
   <agent start_id="1626" goal_id="4892"/>
   <agent start_id="8393" goal_id="8895"/>
   <agent start_id="1275" goal_id="4540"/>
   <agent start_id="5519" goal_id="6021"/>
   <agent start_id="9750" goal_id="2931"/>
   <agent start_id="3350" goal_id="6615"/>
   <agent start_id="2813" goal_id="3316"/>
   <agent start_id="517" goal_id="3783"/>
   <agent start_id="7702" goal_id="883"/>
   <agent start_id="9495" goal_id="9998"/>
   <agent start_id="10552" goal_id="2476"/>
   <agent start_id="6434" goal_id="9005"/>
   <agent start_id="608" goal_id="9644"/>
   <agent start_id="7485" goal_id="10751"/>
   <agent start_id="882" goal_id="1385"/>
   <agent start_id="10229" goal_id="2152"/>
   <agent start_id="5349" goal_id="5851"/>
   <agent start_id="7675" goal_id="953"/>
   <agent start_id="8229" goal_id="1411"/>
   <agent start_id="3471" goal_id="3973"/>
   <agent start_id="5109" goal_id="8375"/>
   <agent start_id="8140" goal_id="64"/>
   <agent start_id="10013" goal_id="431"/>
   <agent start_id="8574" goal_id="497"/>
   <agent start_id="2507" goal_id="3009"/>
   <agent start_id="8378" goal_id="302"/>
   <agent start_id="5980" goal_id="9246"/>
   <agent start_id="10209" goal_id="2090"/>
   <agent start_id="5526" goal_id="8791"/>
   <agent start_id="2626" goal_id="5891"/>
   <agent start_id="8885" goal_id="9387"/>
   <agent start_id="8049" goal_id="11315"/>
   <agent start_id="1645" goal_id="2147"/>
   <agent start_id="431" goal_id="3696"/>
   <agent start_id="1211" goal_id="4476"/>
   <agent start_id="9649" goal_id="67"/>
   <agent start_id="1191" goal_id="4456"/>
   <agent start_id="6824" goal_id="6"/>
   <agent start_id="4152" goal_id="4655"/>
   <agent start_id="449" goal_id="3714"/>
   <agent start_id="10006" goal_id="10509"/>
   <agent start_id="3460" goal_id="6725"/>
   <agent start_id="1280" goal_id="4546"/>
   <agent start_id="7829" goal_id="8331"/>
   <agent start_id="8465" goal_id="1646"/>
   <agent start_id="2352" goal_id="2854"/>
   <agent start_id="10335" goal_id="2259"/>
   <agent start_id="8376" goal_id="299"/>
   <agent start_id="8893" goal_id="9396"/>
   <agent start_id="8336" goal_id="1517"/>
   <agent start_id="2078" goal_id="6083"/>
   <agent start_id="629" goal_id="623"/>
   <agent start_id="83" goal_id="3349"/>
   <agent start_id="783" goal_id="1285"/>
   <agent start_id="6287" goal_id="9553"/>
   <agent start_id="9425" goal_id="2607"/>
   <agent start_id="10247" goal_id="10749"/>
   <agent start_id="6043" goal_id="1807"/>
   <agent start_id="9626" goal_id="8771"/>
   <agent start_id="4374" goal_id="10128"/>
   <agent start_id="1538" goal_id="4804"/>
   <agent start_id="10558" goal_id="11060"/>
   <agent start_id="2498" goal_id="5763"/>
   <agent start_id="4437" goal_id="7702"/>
   <agent start_id="9434" goal_id="9936"/>
   <agent start_id="27" goal_id="430"/>
   <agent start_id="7053" goal_id="10318"/>
   <agent start_id="8829" goal_id="9332"/>
   <agent start_id="1695" goal_id="4961"/>
   <agent start_id="3606" goal_id="6872"/>
   <agent start_id="2756" goal_id="3259"/>
   <agent start_id="5765" goal_id="8116"/>
   <agent start_id="7614" goal_id="7751"/>
   <agent start_id="6597" goal_id="9863"/>
   <agent start_id="3765" goal_id="6239"/>
   <agent start_id="5472" goal_id="11084"/>
   <agent start_id="6508" goal_id="9774"/>
   <agent start_id="10203" goal_id="10705"/>
   <agent start_id="10362" goal_id="5962"/>
   <agent start_id="4134" goal_id="7400"/>
   <agent start_id="8074" goal_id="8576"/>
   <agent start_id="3587" goal_id="9911"/>
   <agent start_id="8736" goal_id="6658"/>
   <agent start_id="10772" goal_id="2695"/>
   <agent start_id="3143" goal_id="6409"/>
   <agent start_id="6867" goal_id="7369"/>
   <agent start_id="3805" goal_id="7071"/>
   <agent start_id="8470" goal_id="5617"/>
   <agent start_id="4462" goal_id="8972"/>
   <agent start_id="173" goal_id="3438"/>
   <agent start_id="7623" goal_id="8125"/>
   <agent start_id="8615" goal_id="538"/>
   <agent start_id="9227" goal_id="1151"/>
</root>