<?xml version="1.0" ?>
<root>
   <agent start_id="10903" goal_id="2827"/>
   <agent start_id="9250" goal_id="2432"/>
   <agent start_id="1105" goal_id="4371"/>
   <agent start_id="6056" goal_id="6559"/>
   <agent start_id="3698" goal_id="6963"/>
   <agent start_id="1996" goal_id="5262"/>
   <agent start_id="4430" goal_id="4932"/>
   <agent start_id="6314" goal_id="9579"/>
   <agent start_id="11012" goal_id="2936"/>
   <agent start_id="9056" goal_id="9558"/>
   <agent start_id="5572" goal_id="8837"/>
   <agent start_id="7976" goal_id="8479"/>
   <agent start_id="2608" goal_id="5874"/>
   <agent start_id="3193" goal_id="6458"/>
   <agent start_id="6835" goal_id="7338"/>
   <agent start_id="6638" goal_id="9903"/>
   <agent start_id="7222" goal_id="10488"/>
   <agent start_id="8949" goal_id="9452"/>
   <agent start_id="798" goal_id="4063"/>
   <agent start_id="5684" goal_id="6186"/>
   <agent start_id="4896" goal_id="8162"/>
   <agent start_id="10793" goal_id="2717"/>
   <agent start_id="2141" goal_id="2644"/>
   <agent start_id="3175" goal_id="6440"/>
   <agent start_id="342" goal_id="3608"/>
   <agent start_id="515" goal_id="1018"/>
   <agent start_id="10358" goal_id="2281"/>
   <agent start_id="6080" goal_id="6582"/>
   <agent start_id="9684" goal_id="2866"/>
   <agent start_id="9289" goal_id="1213"/>
   <agent start_id="10706" goal_id="11208"/>
   <agent start_id="4283" goal_id="7549"/>
   <agent start_id="7290" goal_id="471"/>
   <agent start_id="8828" goal_id="9330"/>
   <agent start_id="11013" goal_id="2937"/>
   <agent start_id="256" goal_id="3521"/>
   <agent start_id="7768" goal_id="8270"/>
   <agent start_id="562" goal_id="3828"/>
   <agent start_id="3500" goal_id="4002"/>
   <agent start_id="9598" goal_id="1522"/>
   <agent start_id="8925" goal_id="2106"/>
   <agent start_id="9790" goal_id="10293"/>
   <agent start_id="11142" goal_id="3066"/>
   <agent start_id="10469" goal_id="2392"/>
   <agent start_id="8163" goal_id="1344"/>
   <agent start_id="8890" goal_id="9392"/>
   <agent start_id="10707" goal_id="2630"/>
   <agent start_id="8401" goal_id="324"/>
   <agent start_id="10186" goal_id="10689"/>
   <agent start_id="7727" goal_id="909"/>
   <agent start_id="8312" goal_id="236"/>
   <agent start_id="5386" goal_id="5888"/>
   <agent start_id="6006" goal_id="9271"/>
   <agent start_id="9035" goal_id="9537"/>
   <agent start_id="5986" goal_id="9251"/>
   <agent start_id="5917" goal_id="9183"/>
   <agent start_id="5492" goal_id="5995"/>
   <agent start_id="5244" goal_id="8509"/>
   <agent start_id="6203" goal_id="9469"/>
   <agent start_id="943" goal_id="1446"/>
   <agent start_id="6135" goal_id="9400"/>
   <agent start_id="6508" goal_id="8727"/>
   <agent start_id="5462" goal_id="10910"/>
   <agent start_id="10379" goal_id="2303"/>
   <agent start_id="7142" goal_id="7645"/>
   <agent start_id="10032" goal_id="1956"/>
   <agent start_id="8379" goal_id="1561"/>
   <agent start_id="5265" goal_id="5767"/>
   <agent start_id="4026" goal_id="7292"/>
   <agent start_id="2978" goal_id="6244"/>
   <agent start_id="5714" goal_id="6216"/>
   <agent start_id="7617" goal_id="799"/>
   <agent start_id="5622" goal_id="6125"/>
   <agent start_id="978" goal_id="4244"/>
   <agent start_id="6875" goal_id="10141"/>
   <agent start_id="3745" goal_id="4247"/>
   <agent start_id="10599" goal_id="2522"/>
   <agent start_id="216" goal_id="3482"/>
   <agent start_id="2936" goal_id="3438"/>
   <agent start_id="9252" goal_id="2434"/>
   <agent start_id="454" goal_id="3720"/>
   <agent start_id="4232" goal_id="4735"/>
   <agent start_id="5372" goal_id="8637"/>
   <agent start_id="967" goal_id="1469"/>
   <agent start_id="8817" goal_id="1998"/>
   <agent start_id="10055" goal_id="1978"/>
   <agent start_id="1416" goal_id="1918"/>
   <agent start_id="8728" goal_id="652"/>
   <agent start_id="1236" goal_id="4502"/>
   <agent start_id="41" goal_id="543"/>
   <agent start_id="10272" goal_id="2196"/>
   <agent start_id="2432" goal_id="2934"/>
   <agent start_id="7313" goal_id="10579"/>
   <agent start_id="8272" goal_id="1454"/>
   <agent start_id="554" goal_id="1056"/>
   <agent start_id="7877" goal_id="11143"/>
   <agent start_id="8184" goal_id="107"/>
   <agent start_id="8354" goal_id="8856"/>
   <agent start_id="4245" goal_id="7510"/>
   <agent start_id="5809" goal_id="9075"/>
   <agent start_id="6225" goal_id="6727"/>
   <agent start_id="7422" goal_id="10687"/>
   <agent start_id="1850" goal_id="5116"/>
   <agent start_id="3414" goal_id="6680"/>
   <agent start_id="5073" goal_id="5576"/>
   <agent start_id="3721" goal_id="6986"/>
   <agent start_id="4680" goal_id="7946"/>
   <agent start_id="5296" goal_id="4201"/>
   <agent start_id="11235" goal_id="3159"/>
   <agent start_id="346" goal_id="3612"/>
   <agent start_id="7499" goal_id="8324"/>
   <agent start_id="3265" goal_id="6531"/>
   <agent start_id="3850" goal_id="7115"/>
   <agent start_id="8362" goal_id="8865"/>
   <agent start_id="11253" goal_id="3176"/>
   <agent start_id="418" goal_id="920"/>
   <agent start_id="9600" goal_id="1523"/>
   <agent start_id="9906" goal_id="3088"/>
   <agent start_id="8218" goal_id="8720"/>
   <agent start_id="11144" goal_id="3068"/>
   <agent start_id="8838" goal_id="761"/>
   <agent start_id="1501" goal_id="2004"/>
   <agent start_id="8491" goal_id="1673"/>
   <agent start_id="20" goal_id="3285"/>
   <agent start_id="126" goal_id="629"/>
   <agent start_id="4663" goal_id="7929"/>
   <agent start_id="258" goal_id="3523"/>
   <agent start_id="165" goal_id="667"/>
   <agent start_id="4575" goal_id="7840"/>
   <agent start_id="5589" goal_id="6091"/>
   <agent start_id="5983" goal_id="9249"/>
   <agent start_id="5334" goal_id="8600"/>
   <agent start_id="8188" goal_id="8690"/>
   <agent start_id="9185" goal_id="1108"/>
   <agent start_id="8729" goal_id="9231"/>
   <agent start_id="571" goal_id="6182"/>
   <agent start_id="3071" goal_id="6337"/>
   <agent start_id="4069" goal_id="4571"/>
   <agent start_id="4504" goal_id="7769"/>
   <agent start_id="1071" goal_id="4337"/>
   <agent start_id="2191" goal_id="2694"/>
   <agent start_id="7403" goal_id="584"/>
   <agent start_id="3089" goal_id="6354"/>
   <agent start_id="3532" goal_id="4035"/>
   <agent start_id="1436" goal_id="4701"/>
   <agent start_id="5987" goal_id="9253"/>
   <agent start_id="2408" goal_id="2911"/>
   <agent start_id="3823" goal_id="7088"/>
   <agent start_id="4605" goal_id="5108"/>
   <agent start_id="4919" goal_id="8185"/>
   <agent start_id="7838" goal_id="1019"/>
   <agent start_id="6047" goal_id="5436"/>
   <agent start_id="5810" goal_id="9076"/>
   <agent start_id="1973" goal_id="5239"/>
   <agent start_id="1008" goal_id="1510"/>
   <agent start_id="6515" goal_id="9780"/>
   <agent start_id="8601" goal_id="1783"/>
   <agent start_id="4761" goal_id="5263"/>
   <agent start_id="1109" goal_id="4375"/>
   <agent start_id="8512" goal_id="436"/>
   <agent start_id="11302" goal_id="463"/>
   <agent start_id="7839" goal_id="1021"/>
   <agent start_id="7771" goal_id="11036"/>
   <agent start_id="9425" goal_id="9927"/>
   <agent start_id="8077" goal_id="0"/>
   <agent start_id="3899" goal_id="4401"/>
   <agent start_id="3198" goal_id="6463"/>
   <agent start_id="10601" goal_id="2524"/>
   <agent start_id="2524" goal_id="3026"/>
   <agent start_id="8948" goal_id="871"/>
   <agent start_id="8274" goal_id="1456"/>
   <agent start_id="7149" goal_id="7652"/>
   <agent start_id="129" goal_id="3395"/>
   <agent start_id="3132" goal_id="3635"/>
   <agent start_id="9180" goal_id="1104"/>
   <agent start_id="3594" goal_id="6859"/>
   <agent start_id="8669" goal_id="9172"/>
   <agent start_id="3052" goal_id="6317"/>
   <agent start_id="4485" goal_id="7750"/>
   <agent start_id="7043" goal_id="7545"/>
   <agent start_id="3811" goal_id="7077"/>
   <agent start_id="10943" goal_id="103"/>
   <agent start_id="11019" goal_id="2943"/>
   <agent start_id="10346" goal_id="2269"/>
   <agent start_id="9176" goal_id="9678"/>
   <agent start_id="3049" goal_id="6315"/>
   <agent start_id="11237" goal_id="3160"/>
   <agent start_id="7550" goal_id="8052"/>
   <agent start_id="3940" goal_id="7206"/>
   <agent start_id="8257" goal_id="1439"/>
   <agent start_id="2498" goal_id="3001"/>
   <agent start_id="2872" goal_id="6138"/>
   <agent start_id="8169" goal_id="92"/>
   <agent start_id="8495" goal_id="10800"/>
   <agent start_id="6436" goal_id="1004"/>
   <agent start_id="386" goal_id="6939"/>
   <agent start_id="3090" goal_id="6355"/>
   <agent start_id="1763" goal_id="5029"/>
   <agent start_id="9538" goal_id="10040"/>
   <agent start_id="8187" goal_id="110"/>
   <agent start_id="8493" goal_id="1675"/>
   <agent start_id="5493" goal_id="5996"/>
   <agent start_id="8098" goal_id="22"/>
   <agent start_id="7425" goal_id="10690"/>
   <agent start_id="10119" goal_id="10622"/>
   <agent start_id="7078" goal_id="259"/>
   <agent start_id="10928" goal_id="2852"/>
   <agent start_id="10660" goal_id="11162"/>
   <agent start_id="3250" goal_id="8167"/>
   <agent start_id="7665" goal_id="1507"/>
   <agent start_id="9581" goal_id="2763"/>
   <agent start_id="1437" goal_id="4702"/>
   <agent start_id="1843" goal_id="2345"/>
   <agent start_id="4594" goal_id="7860"/>
   <agent start_id="3921" goal_id="5966"/>
   <agent start_id="5464" goal_id="9181"/>
   <agent start_id="9363" goal_id="9866"/>
   <agent start_id="3832" goal_id="7098"/>
   <agent start_id="1921" goal_id="2424"/>
   <agent start_id="2506" goal_id="5772"/>
   <agent start_id="3091" goal_id="6356"/>
   <agent start_id="44" goal_id="546"/>
   <agent start_id="2417" goal_id="5683"/>
   <agent start_id="1744" goal_id="5010"/>
   <agent start_id="6586" goal_id="1257"/>
   <agent start_id="2329" goal_id="5594"/>
   <agent start_id="1002" goal_id="4268"/>
   <agent start_id="4708" goal_id="5210"/>
   <agent start_id="329" goal_id="3594"/>
   <agent start_id="8608" goal_id="9110"/>
   <agent start_id="914" goal_id="4179"/>
   <agent start_id="1220" goal_id="4486"/>
   <agent start_id="6982" goal_id="7484"/>
   <agent start_id="3159" goal_id="6425"/>
   <agent start_id="2764" goal_id="6030"/>
   <agent start_id="10194" goal_id="2935"/>
   <agent start_id="3724" goal_id="6989"/>
   <agent start_id="8841" goal_id="764"/>
   <agent start_id="52" goal_id="555"/>
   <agent start_id="1349" goal_id="4615"/>
   <agent start_id="4455" goal_id="4957"/>
   <agent start_id="5013" goal_id="8279"/>
   <agent start_id="3360" goal_id="6626"/>
   <agent start_id="2186" goal_id="2688"/>
   <agent start_id="4924" goal_id="8190"/>
   <agent start_id="3598" goal_id="6863"/>
   <agent start_id="2224" goal_id="2726"/>
   <agent start_id="9944" goal_id="1867"/>
   <agent start_id="3463" goal_id="3965"/>
   <agent start_id="4162" goal_id="7428"/>
   <agent start_id="4469" goal_id="7734"/>
   <agent start_id="2833" goal_id="3335"/>
   <agent start_id="8514" goal_id="438"/>
   <agent start_id="7841" goal_id="1022"/>
   <agent start_id="7599" goal_id="8101"/>
   <agent start_id="4180" goal_id="7446"/>
   <agent start_id="7823" goal_id="8325"/>
   <agent start_id="1401" goal_id="4666"/>
   <agent start_id="2180" goal_id="5446"/>
   <agent start_id="5945" goal_id="6447"/>
   <agent start_id="11021" goal_id="2945"/>
   <agent start_id="9603" goal_id="1526"/>
   <agent start_id="5323" goal_id="5826"/>
   <agent start_id="6317" goal_id="9582"/>
   <agent start_id="7228" goal_id="10494"/>
   <agent start_id="3195" goal_id="3697"/>
   <agent start_id="9820" goal_id="1744"/>
   <agent start_id="3269" goal_id="6534"/>
   <agent start_id="7569" goal_id="8072"/>
   <agent start_id="588" goal_id="3854"/>
   <agent start_id="2179" goal_id="127"/>
   <agent start_id="3180" goal_id="6446"/>
   <agent start_id="10583" goal_id="2507"/>
   <agent start_id="6167" goal_id="6669"/>
   <agent start_id="806" goal_id="4071"/>
   <agent start_id="9842" goal_id="1765"/>
   <agent start_id="4289" goal_id="4791"/>
   <agent start_id="10148" goal_id="2071"/>
   <agent start_id="7842" goal_id="1023"/>
   <agent start_id="2411" goal_id="2914"/>
   <agent start_id="8426" goal_id="350"/>
   <agent start_id="6311" goal_id="6814"/>
   <agent start_id="656" goal_id="3922"/>
   <agent start_id="7733" goal_id="914"/>
   <agent start_id="11188" goal_id="349"/>
   <agent start_id="6685" goal_id="9950"/>
   <agent start_id="3495" goal_id="3997"/>
   <agent start_id="6338" goal_id="9604"/>
   <agent start_id="4685" goal_id="7951"/>
   <agent start_id="1617" goal_id="2120"/>
   <agent start_id="6249" goal_id="9515"/>
   <agent start_id="112" goal_id="3378"/>
   <agent start_id="2661" goal_id="3163"/>
   <agent start_id="3923" goal_id="1219"/>
   <agent start_id="717" goal_id="6378"/>
   <agent start_id="3855" goal_id="7120"/>
   <agent start_id="4161" goal_id="7426"/>
   <agent start_id="2013" goal_id="2516"/>
   <agent start_id="4141" goal_id="7406"/>
   <agent start_id="8293" goal_id="216"/>
   <agent start_id="7672" goal_id="8174"/>
   <agent start_id="639" goal_id="3905"/>
   <agent start_id="7978" goal_id="8481"/>
   <agent start_id="5991" goal_id="9257"/>
   <agent start_id="9280" goal_id="1204"/>
   <agent start_id="1011" goal_id="1513"/>
   <agent start_id="8607" goal_id="531"/>
   <agent start_id="219" goal_id="3484"/>
   <agent start_id="8885" goal_id="9388"/>
   <agent start_id="262" goal_id="3528"/>
   <agent start_id="9426" goal_id="9928"/>
   <agent start_id="2855" goal_id="6120"/>
   <agent start_id="9605" goal_id="8051"/>
   <agent start_id="7548" goal_id="8610"/>
   <agent start_id="8736" goal_id="660"/>
   <agent start_id="4052" goal_id="7318"/>
   <agent start_id="6676" goal_id="7178"/>
   <agent start_id="5757" goal_id="9022"/>
   <agent start_id="4592" goal_id="7857"/>
   <agent start_id="6993" goal_id="7495"/>
   <agent start_id="7511" goal_id="692"/>
   <agent start_id="10693" goal_id="2617"/>
   <agent start_id="9173" goal_id="9675"/>
   <agent start_id="5906" goal_id="9171"/>
   <agent start_id="6429" goal_id="6931"/>
   <agent start_id="7155" goal_id="7518"/>
   <agent start_id="9931" goal_id="1855"/>
   <agent start_id="2957" goal_id="8775"/>
   <agent start_id="4491" goal_id="7756"/>
   <agent start_id="2185" goal_id="5450"/>
   <agent start_id="10842" goal_id="2"/>
   <agent start_id="4271" goal_id="7536"/>
   <agent start_id="7876" goal_id="8379"/>
   <agent start_id="4577" goal_id="7843"/>
   <agent start_id="1423" goal_id="4688"/>
   <agent start_id="9941" goal_id="360"/>
   <agent start_id="2856" goal_id="6121"/>
   <agent start_id="7081" goal_id="262"/>
   <agent start_id="1952" goal_id="2454"/>
   <agent start_id="11257" goal_id="3181"/>
   <agent start_id="7319" goal_id="10584"/>
   <agent start_id="3248" goal_id="3751"/>
   <agent start_id="6645" goal_id="9911"/>
   <agent start_id="2005" goal_id="5271"/>
   <agent start_id="4198" goal_id="4700"/>
   <agent start_id="678" goal_id="3944"/>
   <agent start_id="9762" goal_id="5883"/>
   <agent start_id="2618" goal_id="6248"/>
   <agent start_id="3202" goal_id="6468"/>
   <agent start_id="8387" goal_id="8890"/>
   <agent start_id="896" goal_id="4162"/>
   <agent start_id="9932" goal_id="1856"/>
   <agent start_id="4343" goal_id="4845"/>
   <agent start_id="8279" goal_id="1461"/>
   <agent start_id="9843" goal_id="1767"/>
   <agent start_id="800" goal_id="1303"/>
   <agent start_id="8517" goal_id="441"/>
   <agent start_id="6365" goal_id="6867"/>
   <agent start_id="7556" goal_id="10822"/>
   <agent start_id="352" goal_id="3617"/>
   <agent start_id="2067" goal_id="2569"/>
   <agent start_id="5967" goal_id="2944"/>
   <agent start_id="9694" goal_id="2876"/>
   <agent start_id="190" goal_id="1599"/>
   <agent start_id="6034" goal_id="9299"/>
   <agent start_id="8626" goal_id="549"/>
   <agent start_id="4815" goal_id="5318"/>
   <agent start_id="4687" goal_id="7952"/>
   <agent start_id="5272" goal_id="8537"/>
   <agent start_id="771" goal_id="1273"/>
   <agent start_id="8190" goal_id="114"/>
   <agent start_id="3272" goal_id="6537"/>
   <agent start_id="10235" goal_id="10738"/>
   <agent start_id="8102" goal_id="25"/>
   <agent start_id="7428" goal_id="10694"/>
   <agent start_id="9111" goal_id="9614"/>
   <agent start_id="6755" goal_id="10021"/>
   <agent start_id="2441" goal_id="5707"/>
   <agent start_id="3557" goal_id="4060"/>
   <agent start_id="2748" goal_id="6013"/>
   <agent start_id="9373" goal_id="9875"/>
   <agent start_id="246" goal_id="3512"/>
   <agent start_id="10262" goal_id="2185"/>
   <agent start_id="10780" goal_id="11283"/>
   <agent start_id="9589" goal_id="1512"/>
   <agent start_id="11022" goal_id="2540"/>
   <agent start_id="2037" goal_id="4815"/>
   <agent start_id="1897" goal_id="5163"/>
   <agent start_id="4930" goal_id="5433"/>
   <agent start_id="8579" goal_id="2856"/>
   <agent start_id="1530" goal_id="4796"/>
   <agent start_id="3304" goal_id="3806"/>
   <agent start_id="3635" goal_id="6901"/>
   <agent start_id="5779" goal_id="9044"/>
   <agent start_id="4209" goal_id="4711"/>
   <agent start_id="6085" goal_id="9351"/>
   <agent start_id="10025" goal_id="10527"/>
   <agent start_id="11002" goal_id="10588"/>
   <agent start_id="1659" goal_id="2538"/>
   <agent start_id="2035" goal_id="3600"/>
   <agent start_id="986" goal_id="4251"/>
   <agent start_id="6756" goal_id="10022"/>
   <agent start_id="326" goal_id="8326"/>
   <agent start_id="6867" goal_id="10133"/>
   <agent start_id="7827" goal_id="1008"/>
   <agent start_id="8726" goal_id="9229"/>
   <agent start_id="9586" goal_id="2768"/>
   <agent start_id="922" goal_id="1424"/>
   <agent start_id="6095" goal_id="5452"/>
   <agent start_id="533" goal_id="3799"/>
   <agent start_id="8079" goal_id="8581"/>
   <agent start_id="4579" goal_id="7844"/>
   <agent start_id="4510" goal_id="7776"/>
   <agent start_id="3168" goal_id="3670"/>
   <agent start_id="2857" goal_id="6123"/>
   <agent start_id="591" goal_id="3856"/>
   <agent start_id="2546" goal_id="3049"/>
   <agent start_id="989" goal_id="4255"/>
   <agent start_id="8968" goal_id="891"/>
   <agent start_id="539" goal_id="1041"/>
   <agent start_id="900" goal_id="4166"/>
   <agent start_id="5591" goal_id="6093"/>
   <agent start_id="3128" goal_id="9518"/>
   <agent start_id="7538" goal_id="10804"/>
   <agent start_id="775" goal_id="1278"/>
   <agent start_id="5232" goal_id="8498"/>
   <agent start_id="6470" goal_id="9735"/>
   <agent start_id="5401" goal_id="5903"/>
   <agent start_id="7190" goal_id="372"/>
   <agent start_id="4470" goal_id="7736"/>
   <agent start_id="3524" goal_id="4026"/>
   <agent start_id="4402" goal_id="7667"/>
   <agent start_id="3728" goal_id="6994"/>
   <agent start_id="1646" goal_id="2148"/>
   <agent start_id="8519" goal_id="442"/>
   <agent start_id="374" goal_id="3640"/>
   <agent start_id="7685" goal_id="8188"/>
   <agent start_id="7777" goal_id="11043"/>
   <agent start_id="11083" goal_id="243"/>
   <agent start_id="7104" goal_id="10369"/>
   <agent start_id="9696" goal_id="2878"/>
   <agent start_id="6785" goal_id="10281"/>
   <agent start_id="7015" goal_id="10685"/>
   <agent start_id="6342" goal_id="9607"/>
   <agent start_id="2740" goal_id="3243"/>
   <agent start_id="5015" goal_id="8281"/>
   <agent start_id="9519" goal_id="1442"/>
   <agent start_id="2251" goal_id="203"/>
   <agent start_id="3473" goal_id="7543"/>
   <agent start_id="2425" goal_id="5691"/>
   <agent start_id="10689" goal_id="11191"/>
   <agent start_id="2079" goal_id="5344"/>
   <agent start_id="3512" goal_id="6777"/>
   <agent start_id="5527" goal_id="6029"/>
   <agent start_id="5369" goal_id="10603"/>
   <agent start_id="2443" goal_id="5709"/>
   <agent start_id="69" goal_id="571"/>
   <agent start_id="7174" goal_id="356"/>
   <agent start_id="4689" goal_id="7954"/>
   <agent start_id="609" goal_id="1112"/>
   <agent start_id="1028" goal_id="4294"/>
   <agent start_id="3620" goal_id="6886"/>
   <agent start_id="5235" goal_id="5738"/>
   <agent start_id="1446" goal_id="5161"/>
   <agent start_id="9502" goal_id="1425"/>
   <agent start_id="5133" goal_id="5636"/>
   <agent start_id="8175" goal_id="99"/>
   <agent start_id="1532" goal_id="4797"/>
   <agent start_id="9899" goal_id="318"/>
   <agent start_id="8935" goal_id="2117"/>
   <agent start_id="11152" goal_id="3076"/>
   <agent start_id="6106" goal_id="6608"/>
   <agent start_id="8846" goal_id="770"/>
   <agent start_id="9755" goal_id="10257"/>
   <agent start_id="3314" goal_id="6579"/>
   <agent start_id="28" goal_id="3294"/>
   <agent start_id="8380" goal_id="8882"/>
   <agent start_id="7431" goal_id="10697"/>
   <agent start_id="5400" goal_id="5164"/>
   <agent start_id="6112" goal_id="927"/>
   <agent start_id="6689" goal_id="9955"/>
   <agent start_id="6522" goal_id="9788"/>
   <agent start_id="8567" goal_id="9069"/>
   <agent start_id="45" goal_id="3311"/>
   <agent start_id="5927" goal_id="9193"/>
   <agent start_id="8999" goal_id="9501"/>
   <agent start_id="5254" goal_id="8520"/>
   <agent start_id="4581" goal_id="7846"/>
   <agent start_id="4199" goal_id="5451"/>
   <agent start_id="4512" goal_id="7778"/>
   <agent start_id="3839" goal_id="7105"/>
   <agent start_id="2321" goal_id="2824"/>
   <agent start_id="3166" goal_id="6431"/>
   <agent start_id="6221" goal_id="1448"/>
   <agent start_id="6363" goal_id="1155"/>
   <agent start_id="5689" goal_id="8955"/>
   <agent start_id="4846" goal_id="5348"/>
   <agent start_id="4363" goal_id="7629"/>
   <agent start_id="702" goal_id="3968"/>
   <agent start_id="550" goal_id="6540"/>
</root>