<?xml version="1.0" ?>
<root>
   <agent start_id="9017" goal_id="2199"/>
   <agent start_id="192" goal_id="695"/>
   <agent start_id="6336" goal_id="9602"/>
   <agent start_id="6316" goal_id="9582"/>
   <agent start_id="4567" goal_id="5069"/>
   <agent start_id="8908" goal_id="2090"/>
   <agent start_id="7860" goal_id="11126"/>
   <agent start_id="1276" goal_id="1778"/>
   <agent start_id="3921" goal_id="7187"/>
   <agent start_id="2595" goal_id="5860"/>
   <agent start_id="10238" goal_id="10740"/>
   <agent start_id="3180" goal_id="6445"/>
   <agent start_id="1526" goal_id="4792"/>
   <agent start_id="3522" goal_id="4024"/>
   <agent start_id="1421" goal_id="7711"/>
   <agent start_id="785" goal_id="4050"/>
   <agent start_id="1644" goal_id="2147"/>
   <agent start_id="5010" goal_id="8275"/>
   <agent start_id="6298" goal_id="6800"/>
   <agent start_id="4336" goal_id="7602"/>
   <agent start_id="3288" goal_id="6554"/>
   <agent start_id="1246" goal_id="1749"/>
   <agent start_id="10691" goal_id="2615"/>
   <agent start_id="4644" goal_id="5146"/>
   <agent start_id="7912" goal_id="1093"/>
   <agent start_id="9345" goal_id="2526"/>
   <agent start_id="1102" goal_id="1604"/>
   <agent start_id="9276" goal_id="1200"/>
   <agent start_id="6666" goal_id="7168"/>
   <agent start_id="2159" goal_id="5425"/>
   <agent start_id="2744" goal_id="6010"/>
   <agent start_id="2619" goal_id="3122"/>
   <agent start_id="1418" goal_id="4683"/>
   <agent start_id="6861" goal_id="10127"/>
   <agent start_id="6492" goal_id="6994"/>
   <agent start_id="1982" goal_id="5248"/>
   <agent start_id="2977" goal_id="3479"/>
   <agent start_id="11018" goal_id="2941"/>
   <agent start_id="9691" goal_id="1615"/>
   <agent start_id="848" goal_id="1351"/>
   <agent start_id="2945" goal_id="6210"/>
   <agent start_id="6337" goal_id="9603"/>
   <agent start_id="6888" goal_id="7390"/>
   <agent start_id="3705" goal_id="6970"/>
   <agent start_id="5698" goal_id="6200"/>
   <agent start_id="6623" goal_id="9889"/>
   <agent start_id="7861" goal_id="11127"/>
   <agent start_id="4574" goal_id="5076"/>
   <agent start_id="2289" goal_id="5555"/>
   <agent start_id="7720" goal_id="8222"/>
   <agent start_id="2596" goal_id="5861"/>
   <agent start_id="9058" goal_id="982"/>
   <agent start_id="8763" goal_id="9265"/>
   <agent start_id="1527" goal_id="4793"/>
   <agent start_id="4120" goal_id="7385"/>
   <agent start_id="11222" goal_id="382"/>
   <agent start_id="1828" goal_id="5094"/>
   <agent start_id="5990" goal_id="9256"/>
   <agent start_id="169" goal_id="672"/>
   <agent start_id="7042" goal_id="223"/>
   <agent start_id="5091" goal_id="5593"/>
   <agent start_id="7627" goal_id="10892"/>
   <agent start_id="6953" goal_id="10219"/>
   <agent start_id="1549" goal_id="2051"/>
   <agent start_id="2922" goal_id="3420"/>
   <agent start_id="2527" goal_id="5793"/>
   <agent start_id="4902" goal_id="5404"/>
   <agent start_id="8951" goal_id="874"/>
   <agent start_id="128" goal_id="3394"/>
   <agent start_id="9555" goal_id="10057"/>
   <agent start_id="5449" goal_id="8715"/>
   <agent start_id="10113" goal_id="7142"/>
   <agent start_id="3796" goal_id="7062"/>
   <agent start_id="6209" goal_id="9475"/>
   <agent start_id="1370" goal_id="1872"/>
   <agent start_id="5536" goal_id="8801"/>
   <agent start_id="6120" goal_id="9386"/>
   <agent start_id="9204" goal_id="8414"/>
   <agent start_id="4467" goal_id="7733"/>
   <agent start_id="9896" goal_id="10398"/>
   <agent start_id="8039" goal_id="1221"/>
   <agent start_id="8624" goal_id="548"/>
   <agent start_id="8772" goal_id="9274"/>
   <agent start_id="11231" goal_id="3154"/>
   <agent start_id="3618" goal_id="4120"/>
   <agent start_id="551" goal_id="3817"/>
   <agent start_id="2964" goal_id="6229"/>
   <agent start_id="7118" goal_id="7620"/>
   <agent start_id="10546" goal_id="2470"/>
   <agent start_id="769" goal_id="4034"/>
   <agent start_id="7518" goal_id="8020"/>
   <agent start_id="6447" goal_id="9713"/>
   <agent start_id="9894" goal_id="10396"/>
   <agent start_id="4794" goal_id="8060"/>
   <agent start_id="8366" goal_id="1547"/>
   <agent start_id="5596" goal_id="6098"/>
   <agent start_id="4052" goal_id="7318"/>
   <agent start_id="8742" goal_id="9244"/>
   <agent start_id="113" goal_id="3379"/>
   <agent start_id="9802" goal_id="1726"/>
   <agent start_id="1524" goal_id="2026"/>
   <agent start_id="3290" goal_id="6556"/>
   <agent start_id="1637" goal_id="4903"/>
   <agent start_id="9826" goal_id="10328"/>
   <agent start_id="311" goal_id="3576"/>
   <agent start_id="4048" goal_id="4551"/>
   <agent start_id="7714" goal_id="895"/>
   <agent start_id="222" goal_id="3488"/>
   <agent start_id="506" goal_id="1008"/>
   <agent start_id="5519" goal_id="8784"/>
   <agent start_id="6952" goal_id="133"/>
   <agent start_id="6545" goal_id="7048"/>
   <agent start_id="6557" goal_id="9822"/>
   <agent start_id="5883" goal_id="9149"/>
   <agent start_id="11171" goal_id="332"/>
   <agent start_id="5210" goal_id="8476"/>
   <agent start_id="6775" goal_id="10040"/>
   <agent start_id="9545" goal_id="10047"/>
   <agent start_id="5448" goal_id="8714"/>
   <agent start_id="3767" goal_id="4270"/>
   <agent start_id="9673" goal_id="2855"/>
   <agent start_id="8625" goal_id="549"/>
   <agent start_id="727" goal_id="1230"/>
   <agent start_id="6972" goal_id="10238"/>
   <agent start_id="3033" goal_id="6299"/>
   <agent start_id="4851" goal_id="5353"/>
   <agent start_id="1985" goal_id="5251"/>
   <agent start_id="7190" goal_id="10455"/>
   <agent start_id="3727" goal_id="4229"/>
   <agent start_id="638" goal_id="3904"/>
   <agent start_id="7101" goal_id="10367"/>
   <agent start_id="185" goal_id="687"/>
   <agent start_id="10765" goal_id="2689"/>
   <agent start_id="2489" goal_id="5754"/>
   <agent start_id="6224" goal_id="6726"/>
   <agent start_id="4053" goal_id="7319"/>
   <agent start_id="698" goal_id="11028"/>
   <agent start_id="11130" goal_id="3053"/>
   <agent start_id="94" goal_id="3360"/>
   <agent start_id="5072" goal_id="5575"/>
   <agent start_id="5577" goal_id="8843"/>
   <agent start_id="5975" goal_id="9241"/>
   <agent start_id="6228" goal_id="6731"/>
   <agent start_id="6282" goal_id="9547"/>
   <agent start_id="6866" goal_id="10132"/>
   <agent start_id="4602" goal_id="5104"/>
   <agent start_id="4560" goal_id="7826"/>
   <agent start_id="6993" goal_id="7495"/>
   <agent start_id="203" goal_id="3468"/>
   <agent start_id="4380" goal_id="7645"/>
   <agent start_id="2680" goal_id="3182"/>
   <agent start_id="2819" goal_id="6084"/>
   <agent start_id="1492" goal_id="4758"/>
   <agent start_id="9741" goal_id="159"/>
   <agent start_id="4558" goal_id="7824"/>
   <agent start_id="11021" goal_id="2944"/>
   <agent start_id="5177" goal_id="3836"/>
   <agent start_id="2363" goal_id="5629"/>
   <agent start_id="10350" goal_id="10852"/>
   <agent start_id="1315" goal_id="4580"/>
   <agent start_id="2748" goal_id="6013"/>
   <agent start_id="1356" goal_id="1858"/>
   <agent start_id="11310" goal_id="3234"/>
   <agent start_id="9198" goal_id="9700"/>
   <agent start_id="9984" goal_id="3165"/>
   <agent start_id="2966" goal_id="6231"/>
   <agent start_id="2371" goal_id="2874"/>
   <agent start_id="1313" goal_id="4578"/>
   <agent start_id="11328" goal_id="3252"/>
   <agent start_id="9920" goal_id="10422"/>
   <agent start_id="7102" goal_id="10368"/>
   <agent start_id="9786" goal_id="1710"/>
   <agent start_id="8655" goal_id="9158"/>
   <agent start_id="7393" goal_id="10658"/>
   <agent start_id="9493" goal_id="1417"/>
   <agent start_id="8108" goal_id="8611"/>
   <agent start_id="10477" goal_id="2401"/>
   <agent start_id="8824" goal_id="748"/>
   <agent start_id="6203" goal_id="6705"/>
   <agent start_id="3945" goal_id="7211"/>
   <agent start_id="8736" goal_id="659"/>
   <agent start_id="2661" goal_id="3163"/>
   <agent start_id="8062" goal_id="11328"/>
   <agent start_id="5303" goal_id="5805"/>
   <agent start_id="10002" goal_id="3183"/>
   <agent start_id="6341" goal_id="9607"/>
   <agent start_id="1509" goal_id="2012"/>
   <agent start_id="9913" goal_id="1837"/>
   <agent start_id="5974" goal_id="9240"/>
   <agent start_id="11225" goal_id="385"/>
   <agent start_id="115" goal_id="3381"/>
   <agent start_id="5232" goal_id="8498"/>
   <agent start_id="9347" goal_id="9850"/>
   <agent start_id="3579" goal_id="6845"/>
   <agent start_id="8409" goal_id="333"/>
   <agent start_id="8533" goal_id="5552"/>
   <agent start_id="2837" goal_id="6103"/>
   <agent start_id="8196" goal_id="8698"/>
   <agent start_id="3797" goal_id="7063"/>
   <agent start_id="2749" goal_id="6014"/>
   <agent start_id="4653" goal_id="5156"/>
   <agent start_id="2075" goal_id="5341"/>
   <agent start_id="1402" goal_id="4668"/>
   <agent start_id="11195" goal_id="6153"/>
   <agent start_id="1987" goal_id="5252"/>
   <agent start_id="4579" goal_id="7845"/>
   <agent start_id="8155" goal_id="8658"/>
   <agent start_id="640" goal_id="3906"/>
   <agent start_id="245" goal_id="3511"/>
   <agent start_id="937" goal_id="1439"/>
   <agent start_id="2184" goal_id="5450"/>
   <agent start_id="7004" goal_id="10642"/>
   <agent start_id="1511" goal_id="4777"/>
   <agent start_id="1505" goal_id="4771"/>
   <agent start_id="2325" goal_id="2827"/>
   <agent start_id="7392" goal_id="11304"/>
   <agent start_id="8172" goal_id="96"/>
   <agent start_id="1081" goal_id="1584"/>
   <agent start_id="1334" goal_id="4599"/>
   <agent start_id="1640" goal_id="4906"/>
   <agent start_id="8377" goal_id="8879"/>
   <agent start_id="6431" goal_id="9696"/>
   <agent start_id="4909" goal_id="8175"/>
   <agent start_id="6108" goal_id="6610"/>
   <agent start_id="3583" goal_id="6848"/>
   <agent start_id="9914" goal_id="285"/>
   <agent start_id="11125" goal_id="1546"/>
   <agent start_id="3494" goal_id="6759"/>
   <agent start_id="8130" goal_id="8632"/>
   <agent start_id="4453" goal_id="7719"/>
   <agent start_id="4254" goal_id="7519"/>
   <agent start_id="9471" goal_id="9973"/>
   <agent start_id="1752" goal_id="5018"/>
   <agent start_id="4165" goal_id="7430"/>
   <agent start_id="5929" goal_id="6431"/>
   <agent start_id="7737" goal_id="11002"/>
   <agent start_id="2833" goal_id="4675"/>
   <agent start_id="4173" goal_id="4198"/>
   <agent start_id="11006" goal_id="2929"/>
   <agent start_id="9978" goal_id="10480"/>
   <agent start_id="2730" goal_id="5995"/>
   <agent start_id="423" goal_id="1737"/>
   <agent start_id="8247" goal_id="3775"/>
   <agent start_id="10244" goal_id="2167"/>
   <agent start_id="4580" goal_id="7846"/>
   <agent start_id="111" goal_id="613"/>
   <agent start_id="2927" goal_id="6193"/>
   <agent start_id="4491" goal_id="7757"/>
   <agent start_id="6653" goal_id="7155"/>
   <agent start_id="10262" goal_id="2185"/>
   <agent start_id="9023" goal_id="2204"/>
   <agent start_id="5780" goal_id="6282"/>
   <agent start_id="8476" goal_id="1658"/>
   <agent start_id="6442" goal_id="6944"/>
   <agent start_id="5761" goal_id="9026"/>
   <agent start_id="750" goal_id="2461"/>
   <agent start_id="1959" goal_id="2475"/>
   <agent start_id="681" goal_id="3947"/>
   <agent start_id="661" goal_id="3927"/>
   <agent start_id="1319" goal_id="10261"/>
   <agent start_id="4233" goal_id="7499"/>
   <agent start_id="9024" goal_id="2205"/>
   <agent start_id="4707" goal_id="5209"/>
   <agent start_id="4685" goal_id="7951"/>
   <agent start_id="3294" goal_id="3796"/>
   <agent start_id="2910" goal_id="6176"/>
   <agent start_id="1862" goal_id="5128"/>
   <agent start_id="11176" goal_id="337"/>
   <agent start_id="8846" goal_id="770"/>
   <agent start_id="4908" goal_id="8173"/>
   <agent start_id="11104" goal_id="264"/>
   <agent start_id="3581" goal_id="6847"/>
   <agent start_id="3186" goal_id="6452"/>
   <agent start_id="7311" goal_id="7813"/>
   <agent start_id="2513" goal_id="5778"/>
   <agent start_id="7064" goal_id="246"/>
   <agent start_id="8102" goal_id="8605"/>
   <agent start_id="2424" goal_id="5690"/>
   <agent start_id="1098" goal_id="4363"/>
   <agent start_id="633" goal_id="1135"/>
   <agent start_id="10787" goal_id="2710"/>
   <agent start_id="9592" goal_id="1515"/>
   <agent start_id="3956" goal_id="4458"/>
   <agent start_id="2948" goal_id="6214"/>
   <agent start_id="3157" goal_id="5725"/>
   <agent start_id="11004" goal_id="2928"/>
   <agent start_id="8698" goal_id="1880"/>
   <agent start_id="7281" goal_id="7783"/>
   <agent start_id="2186" goal_id="5452"/>
   <agent start_id="1513" goal_id="4778"/>
   <agent start_id="6157" goal_id="4552"/>
   <agent start_id="8916" goal_id="2097"/>
   <agent start_id="7868" goal_id="11133"/>
   <agent start_id="1861" goal_id="2363"/>
   <agent start_id="7848" goal_id="11113"/>
   <agent start_id="2838" goal_id="3341"/>
   <agent start_id="6521" goal_id="9787"/>
   <agent start_id="9" goal_id="3275"/>
   <agent start_id="3379" goal_id="3881"/>
   <agent start_id="969" goal_id="4234"/>
   <agent start_id="3931" goal_id="7197"/>
   <agent start_id="2517" goal_id="11289"/>
   <agent start_id="3594" goal_id="6860"/>
   <agent start_id="8283" goal_id="207"/>
   <agent start_id="6127" goal_id="6630"/>
   <agent start_id="2516" goal_id="5782"/>
   <agent start_id="1467" goal_id="1970"/>
   <agent start_id="1190" goal_id="4455"/>
   <agent start_id="1169" goal_id="8511"/>
   <agent start_id="8009" goal_id="3648"/>
   <agent start_id="1101" goal_id="4367"/>
   <agent start_id="428" goal_id="3693"/>
   <agent start_id="6131" goal_id="6634"/>
   <agent start_id="5126" goal_id="8392"/>
   <agent start_id="9233" goal_id="9735"/>
   <agent start_id="8941" goal_id="4469"/>
   <agent start_id="9375" goal_id="1298"/>
   <agent start_id="4980" goal_id="5482"/>
   <agent start_id="9355" goal_id="1278"/>
   <agent start_id="9661" goal_id="2843"/>
   <agent start_id="1689" goal_id="2365"/>
   <agent start_id="9266" goal_id="1190"/>
   <agent start_id="878" goal_id="4143"/>
   <agent start_id="6389" goal_id="7368"/>
   <agent start_id="6287" goal_id="9552"/>
   <agent start_id="9963" goal_id="10466"/>
   <agent start_id="3918" goal_id="1315"/>
   <agent start_id="9937" goal_id="1861"/>
   <agent start_id="1472" goal_id="1974"/>
   <agent start_id="8611" goal_id="534"/>
   <agent start_id="2098" goal_id="5364"/>
   <agent start_id="11134" goal_id="3058"/>
   <agent start_id="5661" goal_id="6164"/>
   <agent start_id="7195" goal_id="10461"/>
   <agent start_id="9788" goal_id="2969"/>
   <agent start_id="861" goal_id="1363"/>
   <agent start_id="7107" goal_id="10372"/>
   <agent start_id="5454" goal_id="8719"/>
   <agent start_id="4984" goal_id="5487"/>
   <agent start_id="465" goal_id="7393"/>
   <agent start_id="8631" goal_id="554"/>
   <agent start_id="1944" goal_id="2447"/>
   <agent start_id="5844" goal_id="11223"/>
   <agent start_id="9243" goal_id="2425"/>
   <agent start_id="2234" goal_id="2736"/>
   <agent start_id="10481" goal_id="2405"/>
   <agent start_id="4469" goal_id="4972"/>
   <agent start_id="5889" goal_id="9155"/>
   <agent start_id="1624" goal_id="4889"/>
   <agent start_id="8090" goal_id="8593"/>
   <agent start_id="2208" goal_id="5474"/>
   <agent start_id="1535" goal_id="4801"/>
   <agent start_id="4259" goal_id="3792"/>
   <agent start_id="4454" goal_id="1691"/>
   <agent start_id="3406" goal_id="5340"/>
   <agent start_id="4837" goal_id="7609"/>
   <agent start_id="3385" goal_id="6651"/>
   <agent start_id="10135" goal_id="2059"/>
   <agent start_id="10877" goal_id="37"/>
   <agent start_id="7542" goal_id="10808"/>
   <agent start_id="7385" goal_id="567"/>
   <agent start_id="7390" goal_id="7892"/>
   <agent start_id="7267" goal_id="449"/>
   <agent start_id="3835" goal_id="4337"/>
   <agent start_id="8700" goal_id="1882"/>
   <agent start_id="7652" goal_id="10918"/>
   <agent start_id="6183" goal_id="6685"/>
   <agent start_id="7632" goal_id="10897"/>
   <agent start_id="1120" goal_id="4385"/>
   <agent start_id="3394" goal_id="3897"/>
   <agent start_id="1426" goal_id="4692"/>
   <agent start_id="6217" goal_id="9482"/>
   <agent start_id="9182" goal_id="9685"/>
   <agent start_id="358" goal_id="3623"/>
   <agent start_id="9394" goal_id="1317"/>
   <agent start_id="8720" goal_id="644"/>
   <agent start_id="8784" goal_id="9287"/>
   <agent start_id="4014" goal_id="9027"/>
   <agent start_id="10264" goal_id="2188"/>
   <agent start_id="3060" goal_id="6325"/>
   <agent start_id="8388" goal_id="8891"/>
   <agent start_id="2387" goal_id="5652"/>
   <agent start_id="2971" goal_id="6237"/>
   <agent start_id="3588" goal_id="4091"/>
   <agent start_id="6543" goal_id="9809"/>
   <agent start_id="9906" goal_id="325"/>
   <agent start_id="4890" goal_id="8156"/>
   <agent start_id="1556" goal_id="4822"/>
   <agent start_id="5610" goal_id="6113"/>
   <agent start_id="883" goal_id="4148"/>
   <agent start_id="9510" goal_id="10013"/>
   <agent start_id="863" goal_id="4128"/>
   <agent start_id="8638" goal_id="9938"/>
   <agent start_id="615" goal_id="9140"/>
   <agent start_id="9356" goal_id="1280"/>
   <agent start_id="7703" goal_id="885"/>
   <agent start_id="3194" goal_id="3697"/>
   <agent start_id="10248" goal_id="2171"/>
   <agent start_id="1971" goal_id="5237"/>
   <agent start_id="11135" goal_id="295"/>
   <agent start_id="8395" goal_id="318"/>
   <agent start_id="16" goal_id="519"/>
   <agent start_id="5240" goal_id="8506"/>
   <agent start_id="7833" goal_id="11098"/>
   <agent start_id="1926" goal_id="2428"/>
   <agent start_id="1189" goal_id="1630"/>
   <agent start_id="1121" goal_id="4386"/>
   <agent start_id="6692" goal_id="7194"/>
   <agent start_id="3805" goal_id="7071"/>
   <agent start_id="2478" goal_id="5744"/>
   <agent start_id="6087" goal_id="6590"/>
   <agent start_id="3063" goal_id="6329"/>
   <agent start_id="5149" goal_id="8415"/>
   <agent start_id="5764" goal_id="6266"/>
   <agent start_id="8721" goal_id="645"/>
   <agent start_id="1998" goal_id="2500"/>
   <agent start_id="1229" goal_id="4495"/>
   <agent start_id="6020" goal_id="9286"/>
   <agent start_id="6373" goal_id="6875"/>
   <agent start_id="7959" goal_id="11225"/>
   <agent start_id="4244" goal_id="5653"/>
   <agent start_id="2861" goal_id="4746"/>
   <agent start_id="2972" goal_id="6238"/>
   <agent start_id="8870" goal_id="4585"/>
   <agent start_id="3958" goal_id="9372"/>
   <agent start_id="972" goal_id="4238"/>
   <agent start_id="2210" goal_id="7746"/>
   <agent start_id="7243" goal_id="10667"/>
   <agent start_id="884" goal_id="4149"/>
   <agent start_id="1466" goal_id="1968"/>
   <agent start_id="10573" goal_id="2496"/>
   <agent start_id="3081" goal_id="6347"/>
   <agent start_id="6594" goal_id="7097"/>
   <agent start_id="10745" goal_id="7306"/>
   <agent start_id="2714" goal_id="5470"/>
   <agent start_id="4968" goal_id="10540"/>
   <agent start_id="2319" goal_id="5585"/>
   <agent start_id="5891" goal_id="9156"/>
   <agent start_id="1928" goal_id="2430"/>
   <agent start_id="10682" goal_id="2605"/>
   <agent start_id="1884" goal_id="5149"/>
   <agent start_id="9632" goal_id="50"/>
   <agent start_id="7303" goal_id="10568"/>
   <agent start_id="4425" goal_id="4456"/>
   <agent start_id="8211" goal_id="3738"/>
   <agent start_id="142" goal_id="3407"/>
   <agent start_id="10157" goal_id="2081"/>
   <agent start_id="2296" goal_id="2799"/>
   <agent start_id="2520" goal_id="8504"/>
   <agent start_id="3912" goal_id="7178"/>
   <agent start_id="8084" goal_id="8587"/>
   <agent start_id="339" goal_id="3605"/>
   <agent start_id="2373" goal_id="2875"/>
   <agent start_id="3646" goal_id="9257"/>
   <agent start_id="7069" goal_id="251"/>
   <agent start_id="6022" goal_id="6524"/>
   <agent start_id="10266" goal_id="2190"/>
   <agent start_id="8940" goal_id="863"/>
   <agent start_id="6311" goal_id="6814"/>
   <agent start_id="4870" goal_id="7940"/>
   <agent start_id="4606" goal_id="7871"/>
   <agent start_id="351" goal_id="853"/>
   <agent start_id="3933" goal_id="7198"/>
   <agent start_id="11336" goal_id="3259"/>
   <agent start_id="6390" goal_id="9352"/>
   <agent start_id="10792" goal_id="7109"/>
   <agent start_id="4803" goal_id="8069"/>
   <agent start_id="3601" goal_id="4104"/>
   <agent start_id="1844" goal_id="5110"/>
   <agent start_id="8915" goal_id="9417"/>
   <agent start_id="2429" goal_id="5694"/>
   <agent start_id="4041" goal_id="7307"/>
   <agent start_id="2701" goal_id="3203"/>
   <agent start_id="8179" goal_id="102"/>
   <agent start_id="8485" goal_id="1667"/>
   <agent start_id="70" goal_id="572"/>
   <agent start_id="6964" goal_id="10229"/>
   <agent start_id="6290" goal_id="9556"/>
   <agent start_id="470" goal_id="972"/>
   <agent start_id="905" goal_id="4170"/>
   <agent start_id="4569" goal_id="7834"/>
   <agent start_id="8019" goal_id="8521"/>
   <agent start_id="4298" goal_id="1844"/>
   <agent start_id="5328" goal_id="8594"/>
   <agent start_id="9360" goal_id="9862"/>
   <agent start_id="2827" goal_id="6093"/>
   <agent start_id="5202" goal_id="5705"/>
   <agent start_id="1501" goal_id="4766"/>
   <agent start_id="1106" goal_id="4371"/>
   <agent start_id="151" goal_id="653"/>
   <agent start_id="1412" goal_id="4678"/>
   <agent start_id="7743" goal_id="11009"/>
   <agent start_id="5420" goal_id="5922"/>
   <agent start_id="2839" goal_id="6105"/>
   <agent start_id="8687" goal_id="6528"/>
   <agent start_id="3263" goal_id="8994"/>
   <agent start_id="1103" goal_id="4369"/>
   <agent start_id="4022" goal_id="7288"/>
   <agent start_id="11091" goal_id="5698"/>
   <agent start_id="5260" goal_id="8526"/>
</root>