<?xml version="1.0" ?>
<root>
   <agent start_id="6833" goal_id="10099"/>
   <agent start_id="5507" goal_id="8772"/>
   <agent start_id="6886" goal_id="7388"/>
   <agent start_id="866" goal_id="4132"/>
   <agent start_id="4438" goal_id="7704"/>
   <agent start_id="1428" goal_id="1930"/>
   <agent start_id="626" goal_id="3892"/>
   <agent start_id="329" goal_id="832"/>
   <agent start_id="11295" goal_id="3218"/>
   <agent start_id="10773" goal_id="2697"/>
   <agent start_id="8193" goal_id="8695"/>
   <agent start_id="11206" goal_id="3130"/>
   <agent start_id="687" goal_id="1189"/>
   <agent start_id="9880" goal_id="1803"/>
   <agent start_id="9206" goal_id="2388"/>
   <agent start_id="8893" goal_id="9396"/>
   <agent start_id="8811" goal_id="735"/>
   <agent start_id="10877" goal_id="38"/>
   <agent start_id="8791" goal_id="715"/>
   <agent start_id="10882" goal_id="2805"/>
   <agent start_id="9555" goal_id="1479"/>
   <agent start_id="2124" goal_id="2626"/>
   <agent start_id="9535" goal_id="2717"/>
   <agent start_id="4359" goal_id="4862"/>
   <agent start_id="4003" goal_id="7268"/>
   <agent start_id="7814" goal_id="11079"/>
   <agent start_id="10650" goal_id="11152"/>
   <agent start_id="7140" goal_id="322"/>
   <agent start_id="4459" goal_id="7725"/>
   <agent start_id="6605" goal_id="7107"/>
   <agent start_id="2806" goal_id="6072"/>
   <agent start_id="7331" goal_id="7833"/>
   <agent start_id="5725" goal_id="8991"/>
   <agent start_id="2718" goal_id="5983"/>
   <agent start_id="3789" goal_id="4291"/>
   <agent start_id="5310" goal_id="8576"/>
   <agent start_id="6596" goal_id="9862"/>
   <agent start_id="4581" goal_id="5083"/>
   <agent start_id="1804" goal_id="5070"/>
   <agent start_id="1736" goal_id="5001"/>
   <agent start_id="7131" goal_id="7633"/>
   <agent start_id="3222" goal_id="6487"/>
   <agent start_id="10751" goal_id="2675"/>
   <agent start_id="1673" goal_id="2175"/>
   <agent start_id="11209" goal_id="3133"/>
   <agent start_id="7553" goal_id="8055"/>
   <agent start_id="2460" goal_id="5725"/>
   <agent start_id="8883" goal_id="2065"/>
   <agent start_id="2094" goal_id="2597"/>
   <agent start_id="9316" goal_id="2498"/>
   <agent start_id="9901" goal_id="1824"/>
   <agent start_id="7314" goal_id="7817"/>
   <agent start_id="8248" goal_id="171"/>
   <agent start_id="9298" goal_id="9800"/>
   <agent start_id="1609" goal_id="4874"/>
   <agent start_id="9665" goal_id="1589"/>
   <agent start_id="5439" goal_id="8705"/>
   <agent start_id="1550" goal_id="2052"/>
   <agent start_id="6812" goal_id="10078"/>
   <agent start_id="956" goal_id="1458"/>
   <agent start_id="4658" goal_id="7923"/>
   <agent start_id="4964" goal_id="8230"/>
   <agent start_id="400" goal_id="902"/>
   <agent start_id="8814" goal_id="738"/>
   <agent start_id="3896" goal_id="7161"/>
   <agent start_id="5026" goal_id="5528"/>
   <agent start_id="3223" goal_id="6488"/>
   <agent start_id="3807" goal_id="7073"/>
   <agent start_id="226" goal_id="728"/>
   <agent start_id="2481" goal_id="5746"/>
   <agent start_id="5790" goal_id="6292"/>
   <agent start_id="6706" goal_id="9971"/>
   <agent start_id="3873" goal_id="7139"/>
   <agent start_id="1177" goal_id="1679"/>
   <agent start_id="2499" goal_id="5764"/>
   <agent start_id="7627" goal_id="8130"/>
   <agent start_id="7519" goal_id="1788"/>
   <agent start_id="499" goal_id="3765"/>
   <agent start_id="9452" goal_id="9954"/>
   <agent start_id="1737" goal_id="5002"/>
   <agent start_id="3549" goal_id="6815"/>
   <agent start_id="9650" goal_id="10152"/>
   <agent start_id="8993" goal_id="2174"/>
   <agent start_id="7957" goal_id="8460"/>
   <agent start_id="9577" goal_id="1501"/>
   <agent start_id="9884" goal_id="1807"/>
   <agent start_id="6331" goal_id="6833"/>
   <agent start_id="7578" goal_id="759"/>
   <agent start_id="86" goal_id="3351"/>
   <agent start_id="1782" goal_id="2284"/>
   <agent start_id="392" goal_id="3658"/>
   <agent start_id="7598" goal_id="8100"/>
   <agent start_id="3355" goal_id="6620"/>
   <agent start_id="8053" goal_id="11319"/>
   <agent start_id="10056" goal_id="10559"/>
   <agent start_id="5094" goal_id="8360"/>
   <agent start_id="9319" goal_id="2501"/>
   <agent start_id="8681" goal_id="9183"/>
   <agent start_id="5006" goal_id="8271"/>
   <agent start_id="4332" goal_id="7598"/>
   <agent start_id="4385" goal_id="4888"/>
   <agent start_id="2679" goal_id="5945"/>
   <agent start_id="4897" goal_id="8162"/>
   <agent start_id="9262" goal_id="9765"/>
   <agent start_id="3570" goal_id="6836"/>
   <agent start_id="1917" goal_id="5183"/>
   <agent start_id="4211" goal_id="4713"/>
   <agent start_id="2502" goal_id="5767"/>
   <agent start_id="1829" goal_id="5094"/>
   <agent start_id="669" goal_id="1171"/>
   <agent start_id="4568" goal_id="4421"/>
   <agent start_id="1740" goal_id="5071"/>
   <agent start_id="760" goal_id="4026"/>
   <agent start_id="87" goal_id="3352"/>
   <agent start_id="2026" goal_id="5292"/>
   <agent start_id="3919" goal_id="4422"/>
   <agent start_id="10082" goal_id="3264"/>
   <agent start_id="1937" goal_id="5203"/>
   <agent start_id="377" goal_id="879"/>
   <agent start_id="1264" goal_id="4530"/>
   <agent start_id="3019" goal_id="3521"/>
   <agent start_id="6186" goal_id="9452"/>
   <agent start_id="7707" goal_id="10972"/>
   <agent start_id="481" goal_id="984"/>
   <agent start_id="4839" goal_id="8105"/>
   <agent start_id="6565" goal_id="7068"/>
   <agent start_id="6077" goal_id="9343"/>
   <agent start_id="7510" goal_id="10776"/>
   <agent start_id="7500" goal_id="8002"/>
   <agent start_id="6837" goal_id="10102"/>
   <agent start_id="5510" goal_id="8776"/>
   <agent start_id="5622" goal_id="6125"/>
   <agent start_id="5768" goal_id="9034"/>
   <agent start_id="5095" goal_id="8361"/>
   <agent start_id="7325" goal_id="7828"/>
   <agent start_id="3769" goal_id="7034"/>
   <agent start_id="6137" goal_id="3308"/>
   <agent start_id="5950" goal_id="10885"/>
   <agent start_id="10211" goal_id="2135"/>
   <agent start_id="10352" goal_id="10855"/>
   <agent start_id="2027" goal_id="5293"/>
   <agent start_id="7837" goal_id="11102"/>
   <agent start_id="8224" goal_id="8726"/>
   <agent start_id="5204" goal_id="8470"/>
   <agent start_id="8868" goal_id="2050"/>
   <agent start_id="4039" goal_id="4541"/>
   <agent start_id="6095" goal_id="9361"/>
   <agent start_id="5407" goal_id="5910"/>
   <agent start_id="5422" goal_id="8687"/>
   <agent start_id="4748" goal_id="8014"/>
   <agent start_id="1865" goal_id="2367"/>
   <agent start_id="8599" goal_id="522"/>
   <agent start_id="5009" goal_id="5512"/>
   <agent start_id="3680" goal_id="6946"/>
   <agent start_id="10430" goal_id="2354"/>
   <agent start_id="211" goal_id="714"/>
   <agent start_id="2938" goal_id="6204"/>
   <agent start_id="2265" goal_id="5530"/>
   <agent start_id="7255" goal_id="7758"/>
   <agent start_id="11301" goal_id="3224"/>
   <agent start_id="9648" goal_id="2829"/>
   <agent start_id="1546" goal_id="2048"/>
   <agent start_id="10232" goal_id="2156"/>
   <agent start_id="11192" goal_id="3115"/>
   <agent start_id="8339" goal_id="8841"/>
   <agent start_id="4772" goal_id="8037"/>
   <agent start_id="5344" goal_id="5846"/>
   <agent start_id="741" goal_id="4006"/>
   <agent start_id="1792" goal_id="5058"/>
   <agent start_id="292" goal_id="795"/>
   <agent start_id="2377" goal_id="5643"/>
   <agent start_id="4463" goal_id="7729"/>
   <agent start_id="1227" goal_id="1729"/>
   <agent start_id="3137" goal_id="6402"/>
   <agent start_id="6791" goal_id="7294"/>
   <agent start_id="5729" goal_id="8995"/>
   <agent start_id="6967" goal_id="10232"/>
   <agent start_id="829" goal_id="1331"/>
   <agent start_id="10631" goal_id="2554"/>
   <agent start_id="9957" goal_id="3139"/>
   <agent start_id="475" goal_id="978"/>
   <agent start_id="2286" goal_id="5552"/>
   <agent start_id="2349" goal_id="2851"/>
   <agent start_id="4878" goal_id="8144"/>
   <agent start_id="8542" goal_id="1724"/>
   <agent start_id="2498" goal_id="3000"/>
   <agent start_id="9127" goal_id="1051"/>
   <agent start_id="6397" goal_id="6900"/>
   <agent start_id="6494" goal_id="9760"/>
   <agent start_id="10540" goal_id="2463"/>
   <agent start_id="6074" goal_id="6576"/>
   <agent start_id="7142" goal_id="323"/>
   <agent start_id="5732" goal_id="8998"/>
   <agent start_id="4307" goal_id="4809"/>
   <agent start_id="8651" goal_id="1833"/>
   <agent start_id="2206" goal_id="2708"/>
   <agent start_id="2681" goal_id="9889"/>
   <agent start_id="1174" goal_id="4440"/>
   <agent start_id="2319" goal_id="2821"/>
   <agent start_id="8036" goal_id="11302"/>
   <agent start_id="2357" goal_id="2860"/>
   <agent start_id="5730" goal_id="8996"/>
   <agent start_id="11213" goal_id="3137"/>
   <agent start_id="10659" goal_id="11162"/>
   <agent start_id="8907" goal_id="830"/>
   <agent start_id="2487" goal_id="5752"/>
   <agent start_id="10055" goal_id="10557"/>
   <agent start_id="1814" goal_id="5079"/>
   <agent start_id="2613" goal_id="246"/>
   <agent start_id="3753" goal_id="7018"/>
   <agent start_id="7630" goal_id="0"/>
   <agent start_id="10190" goal_id="8133"/>
   <agent start_id="4791" goal_id="8056"/>
   <agent start_id="6730" goal_id="9995"/>
   <agent start_id="4088" goal_id="4590"/>
   <agent start_id="2464" goal_id="5730"/>
   <agent start_id="2647" goal_id="3149"/>
   <agent start_id="2396" goal_id="5661"/>
   <agent start_id="1723" goal_id="4988"/>
   <agent start_id="769" goal_id="1272"/>
   <agent start_id="5948" goal_id="9213"/>
   <agent start_id="5879" goal_id="9145"/>
   <agent start_id="9729" goal_id="148"/>
   <agent start_id="5206" goal_id="8471"/>
   <agent start_id="2287" goal_id="2790"/>
   <agent start_id="7798" goal_id="980"/>
   <agent start_id="5770" goal_id="9036"/>
   <agent start_id="7164" goal_id="7667"/>
   <agent start_id="9908" goal_id="1831"/>
   <agent start_id="8255" goal_id="178"/>
   <agent start_id="701" goal_id="1204"/>
   <agent start_id="7581" goal_id="763"/>
   <agent start_id="2702" goal_id="5968"/>
   <agent start_id="9912" goal_id="331"/>
   <agent start_id="6840" goal_id="10105"/>
   <agent start_id="5318" goal_id="8584"/>
   <agent start_id="10566" goal_id="11068"/>
   <agent start_id="10017" goal_id="1940"/>
   <agent start_id="5098" goal_id="8364"/>
   <agent start_id="9991" goal_id="10494"/>
   <agent start_id="8075" goal_id="760"/>
   <agent start_id="6951" goal_id="199"/>
   <agent start_id="6689" goal_id="7454"/>
   <agent start_id="2230" goal_id="5495"/>
   <agent start_id="2949" goal_id="3452"/>
   <agent start_id="1182" goal_id="4447"/>
   <agent start_id="4900" goal_id="8166"/>
   <agent start_id="3884" goal_id="4386"/>
   <agent start_id="9951" goal_id="10453"/>
   <agent start_id="1921" goal_id="5187"/>
   <agent start_id="10174" goal_id="10677"/>
   <agent start_id="2506" goal_id="5771"/>
   <agent start_id="3465" goal_id="6731"/>
   <agent start_id="6883" goal_id="7386"/>
   <agent start_id="1159" goal_id="4425"/>
   <agent start_id="9274" goal_id="9776"/>
   <agent start_id="6969" goal_id="10234"/>
   <agent start_id="3683" goal_id="6948"/>
   <agent start_id="7899" goal_id="8401"/>
   <agent start_id="7347" goal_id="528"/>
   <agent start_id="7932" goal_id="11197"/>
   <agent start_id="8803" goal_id="9306"/>
   <agent start_id="7258" goal_id="10524"/>
   <agent start_id="1361" goal_id="1864"/>
   <agent start_id="9344" goal_id="1268"/>
   <agent start_id="8671" goal_id="1853"/>
   <agent start_id="1038" goal_id="1540"/>
   <agent start_id="3792" goal_id="7057"/>
   <agent start_id="7607" goal_id="8110"/>
   <agent start_id="2139" goal_id="5404"/>
   <agent start_id="3703" goal_id="6969"/>
   <agent start_id="4065" goal_id="4567"/>
   <agent start_id="1397" goal_id="4662"/>
   <agent start_id="11086" goal_id="3009"/>
   <agent start_id="5514" goal_id="8780"/>
   <agent start_id="244" goal_id="746"/>
   <agent start_id="9364" goal_id="1288"/>
   <agent start_id="3388" goal_id="3890"/>
   <agent start_id="8691" goal_id="615"/>
   <agent start_id="2924" goal_id="6190"/>
   <agent start_id="1370" goal_id="1872"/>
   <agent start_id="6970" goal_id="10235"/>
   <agent start_id="3494" goal_id="3997"/>
   <agent start_id="1578" goal_id="4843"/>
   <agent start_id="2586" goal_id="5852"/>
   <agent start_id="9840" goal_id="10343"/>
   <agent start_id="836" goal_id="7795"/>
   <agent start_id="7292" goal_id="958"/>
   <agent start_id="10525" goal_id="2448"/>
   <agent start_id="616" goal_id="3881"/>
   <agent start_id="1200" goal_id="4466"/>
   <agent start_id="10617" goal_id="11120"/>
   <agent start_id="5425" goal_id="8691"/>
   <agent start_id="3929" goal_id="4431"/>
   <agent start_id="8436" goal_id="1618"/>
   <agent start_id="3704" goal_id="6970"/>
   <agent start_id="10219" goal_id="10722"/>
   <agent start_id="11107" goal_id="3031"/>
   <agent start_id="9454" goal_id="1378"/>
   <agent start_id="3001" goal_id="3503"/>
   <agent start_id="2289" goal_id="1402"/>
   <agent start_id="6514" goal_id="9780"/>
   <agent start_id="5553" goal_id="6055"/>
   <agent start_id="6586" goal_id="9851"/>
   <agent start_id="7366" goal_id="547"/>
   <agent start_id="8923" goal_id="1796"/>
   <agent start_id="10212" goal_id="6094"/>
   <agent start_id="5591" goal_id="2416"/>
   <agent start_id="3538" goal_id="6803"/>
   <agent start_id="4776" goal_id="8041"/>
   <agent start_id="10049" goal_id="468"/>
   <agent start_id="3449" goal_id="6715"/>
   <agent start_id="5535" goal_id="8801"/>
   <agent start_id="1306" goal_id="1809"/>
   <agent start_id="4209" goal_id="7474"/>
   <agent start_id="6871" goal_id="7373"/>
   <agent start_id="4794" goal_id="8059"/>
   <agent start_id="6406" goal_id="9672"/>
   <agent start_id="1915" goal_id="2418"/>
   <agent start_id="2467" goal_id="5733"/>
   <agent start_id="4055" goal_id="4557"/>
   <agent start_id="3052" goal_id="6317"/>
   <agent start_id="7277" goal_id="10542"/>
   <agent start_id="1266" goal_id="1768"/>
   <agent start_id="9308" goal_id="2490"/>
   <agent start_id="8104" goal_id="8606"/>
   <agent start_id="9893" goal_id="1816"/>
   <agent start_id="9219" goal_id="1143"/>
   <agent start_id="4561" goal_id="5064"/>
   <agent start_id="3556" goal_id="6821"/>
   <agent start_id="4793" goal_id="8416"/>
   <agent start_id="7914" goal_id="9569"/>
   <agent start_id="855" goal_id="4120"/>
   <agent start_id="9890" goal_id="1814"/>
   <agent start_id="2360" goal_id="2863"/>
   <agent start_id="9870" goal_id="3052"/>
   <agent start_id="4595" goal_id="5098"/>
   <agent start_id="9802" goal_id="1725"/>
   <agent start_id="2685" goal_id="5950"/>
   <agent start_id="3471" goal_id="3974"/>
   <agent start_id="2290" goal_id="5555"/>
   <agent start_id="2596" goal_id="5862"/>
   <agent start_id="10013" goal_id="10515"/>
   <agent start_id="4535" goal_id="7801"/>
   <agent start_id="4738" goal_id="5240"/>
   <agent start_id="1528" goal_id="4793"/>
   <agent start_id="9911" goal_id="1834"/>
   <agent start_id="8610" goal_id="9113"/>
   <agent start_id="1906" goal_id="5172"/>
   <agent start_id="8564" goal_id="1746"/>
   <agent start_id="5068" goal_id="5570"/>
   <agent start_id="7516" goal_id="10781"/>
   <agent start_id="8475" goal_id="399"/>
   <agent start_id="3557" goal_id="6822"/>
   <agent start_id="1749" goal_id="2252"/>
   <agent start_id="3162" goal_id="2978"/>
   <agent start_id="11071" goal_id="2995"/>
   <agent start_id="1898" goal_id="2401"/>
   <agent start_id="7693" goal_id="875"/>
   <agent start_id="6645" goal_id="9911"/>
   <agent start_id="5251" goal_id="5754"/>
   <agent start_id="10424" goal_id="1253"/>
   <agent start_id="9661" goal_id="10926"/>
   <agent start_id="955" goal_id="3666"/>
   <agent start_id="6536" goal_id="9802"/>
   <agent start_id="2686" goal_id="3188"/>
   <agent start_id="10674" goal_id="6084"/>
   <agent start_id="5581" goal_id="3706"/>
   <agent start_id="7241" goal_id="422"/>
   <agent start_id="2509" goal_id="5774"/>
   <agent start_id="4681" goal_id="1835"/>
   <agent start_id="364" goal_id="5976"/>
   <agent start_id="8259" goal_id="182"/>
   <agent start_id="7585" goal_id="767"/>
   <agent start_id="9307" goal_id="9809"/>
   <agent start_id="8170" goal_id="94"/>
   <agent start_id="1864" goal_id="263"/>
   <agent start_id="8476" goal_id="400"/>
   <agent start_id="331" goal_id="3597"/>
   <agent start_id="2405" goal_id="2908"/>
   <agent start_id="11000" goal_id="2924"/>
   <agent start_id="6735" goal_id="10000"/>
   <agent start_id="4864" goal_id="5366"/>
   <agent start_id="4428" goal_id="7694"/>
   <agent start_id="10867" goal_id="11025"/>
   <agent start_id="10522" goal_id="10975"/>
   <agent start_id="8585" goal_id="509"/>
   <agent start_id="2165" goal_id="5431"/>
   <agent start_id="7257" goal_id="3638"/>
   <agent start_id="3125" goal_id="6390"/>
   <agent start_id="7823" goal_id="11089"/>
   <agent start_id="6488" goal_id="6991"/>
   <agent start_id="3046" goal_id="6312"/>
   <agent start_id="5260" goal_id="5762"/>
   <agent start_id="11092" goal_id="4721"/>
   <agent start_id="56" goal_id="3322"/>
   <agent start_id="10035" goal_id="10537"/>
   <agent start_id="4755" goal_id="8021"/>
   <agent start_id="4901" goal_id="2482"/>
   <agent start_id="1980" goal_id="2057"/>
   <agent start_id="9657" goal_id="1580"/>
   <agent start_id="7218" goal_id="7721"/>
   <agent start_id="5626" goal_id="8891"/>
   <agent start_id="9437" goal_id="2618"/>
   <agent start_id="6644" goal_id="7146"/>
   <agent start_id="11001" goal_id="2925"/>
   <agent start_id="8695" goal_id="619"/>
   <agent start_id="8675" goal_id="1302"/>
   <agent start_id="7001" goal_id="7509"/>
   <agent start_id="8606" goal_id="530"/>
   <agent start_id="7933" goal_id="11199"/>
   <agent start_id="5124" goal_id="5626"/>
   <agent start_id="7513" goal_id="10779"/>
   <agent start_id="1290" goal_id="1792"/>
   <agent start_id="4758" goal_id="8024"/>
   <agent start_id="3432" goal_id="6697"/>
   <agent start_id="9173" goal_id="9675"/>
   <agent start_id="9763" goal_id="2945"/>
   <agent start_id="9368" goal_id="1292"/>
   <agent start_id="9352" goal_id="9854"/>
   <agent start_id="2670" goal_id="5935"/>
   <agent start_id="8272" goal_id="8775"/>
   <agent start_id="4887" goal_id="8153"/>
   <agent start_id="4892" goal_id="8157"/>
   <agent start_id="6618" goal_id="7121"/>
   <agent start_id="1009" goal_id="11198"/>
   <agent start_id="6606" goal_id="9872"/>
   <agent start_id="6574" goal_id="7076"/>
   <agent start_id="2946" goal_id="8558"/>
   <agent start_id="1293" goal_id="4558"/>
   <agent start_id="8781" goal_id="9284"/>
   <agent start_id="1731" goal_id="790"/>
   <agent start_id="1057" goal_id="4323"/>
   <agent start_id="2929" goal_id="3432"/>
   <agent start_id="1511" goal_id="215"/>
   <agent start_id="8348" goal_id="1530"/>
   <agent start_id="6533" goal_id="7036"/>
   <agent start_id="6710" goal_id="9975"/>
   <agent start_id="4014" goal_id="7280"/>
   <agent start_id="10657" goal_id="11159"/>
   <agent start_id="7410" goal_id="9311"/>
   <agent start_id="6451" goal_id="7913"/>
   <agent start_id="3925" goal_id="7191"/>
   <agent start_id="9696" goal_id="1619"/>
   <agent start_id="9003" goal_id="9505"/>
   <agent start_id="946" goal_id="2565"/>
   <agent start_id="551" goal_id="3817"/>
   <agent start_id="4047" goal_id="4549"/>
   <agent start_id="10567" goal_id="10114"/>
   <agent start_id="6628" goal_id="9893"/>
   <agent start_id="5628" goal_id="8893"/>
   <agent start_id="728" goal_id="1231"/>
   <agent start_id="9805" goal_id="1728"/>
   <agent start_id="4886" goal_id="8152"/>
   <agent start_id="8935" goal_id="9437"/>
   <agent start_id="4866" goal_id="8131"/>
   <agent start_id="11170" goal_id="330"/>
   <agent start_id="8063" goal_id="11329"/>
   <agent start_id="4124" goal_id="7390"/>
   <agent start_id="9292" goal_id="9795"/>
   <agent start_id="4104" goal_id="7369"/>
   <agent start_id="4035" goal_id="7751"/>
   <agent start_id="3362" goal_id="6628"/>
   <agent start_id="8392" goal_id="8894"/>
   <agent start_id="4240" goal_id="4034"/>
   <agent start_id="5559" goal_id="8825"/>
   <agent start_id="2178" goal_id="2680"/>
   <agent start_id="10203" goal_id="2127"/>
   <agent start_id="1099" goal_id="1601"/>
   <agent start_id="4344" goal_id="7610"/>
   <agent start_id="1532" goal_id="4797"/>
   <agent start_id="2033" goal_id="2536"/>
   <agent start_id="10094" goal_id="2018"/>
   <agent start_id="2798" goal_id="6063"/>
   <agent start_id="658" goal_id="1160"/>
   <agent start_id="296" goal_id="3562"/>
   <agent start_id="2709" goal_id="5974"/>
   <agent start_id="7200" goal_id="7702"/>
   <agent start_id="1056" goal_id="4321"/>
   <agent start_id="6958" goal_id="10223"/>
   <agent start_id="6846" goal_id="7349"/>
   <agent start_id="10023" goal_id="1947"/>
   <agent start_id="5797" goal_id="6299"/>
   <agent start_id="3652" goal_id="6917"/>
   <agent start_id="5216" goal_id="8481"/>
   <agent start_id="1134" goal_id="4533"/>
   <agent start_id="7155" goal_id="10421"/>
   <agent start_id="4713" goal_id="8261"/>
   <agent start_id="7711" goal_id="5216"/>
   <agent start_id="6087" goal_id="9352"/>
   <agent start_id="10132" goal_id="2056"/>
   <agent start_id="5505" goal_id="6008"/>
   <agent start_id="1474" goal_id="4740"/>
   <agent start_id="10678" goal_id="11181"/>
   <agent start_id="1079" goal_id="4345"/>
   <agent start_id="7387" goal_id="6284"/>
   <agent start_id="2231" goal_id="7890"/>
   <agent start_id="10330" goal_id="2253"/>
   <agent start_id="8756" goal_id="9258"/>
   <agent start_id="9656" goal_id="2838"/>
</root>