<?xml version="1.0" ?>
<root>
   <agent start_id="4610" goal_id="7876"/>
   <agent start_id="5195" goal_id="8461"/>
   <agent start_id="3542" goal_id="6808"/>
   <agent start_id="916" goal_id="1418"/>
   <agent start_id="2869" goal_id="6134"/>
   <agent start_id="6719" goal_id="9985"/>
   <agent start_id="7960" goal_id="8462"/>
   <agent start_id="21" goal_id="3286"/>
   <agent start_id="6880" goal_id="7383"/>
   <agent start_id="1259" goal_id="4524"/>
   <agent start_id="5957" goal_id="9223"/>
   <agent start_id="7059" goal_id="7562"/>
   <agent start_id="5284" goal_id="8549"/>
   <agent start_id="11054" goal_id="2978"/>
   <agent start_id="2763" goal_id="3266"/>
   <agent start_id="6828" goal_id="10093"/>
   <agent start_id="7668" goal_id="8170"/>
   <agent start_id="7879" goal_id="11145"/>
   <agent start_id="8186" goal_id="1367"/>
   <agent start_id="7064" goal_id="7566"/>
   <agent start_id="2800" goal_id="6066"/>
   <agent start_id="6265" goal_id="6768"/>
   <agent start_id="990" goal_id="8005"/>
   <agent start_id="7424" goal_id="605"/>
   <agent start_id="6163" goal_id="6665"/>
   <agent start_id="1059" goal_id="4324"/>
   <agent start_id="11074" goal_id="2998"/>
   <agent start_id="9014" goal_id="9516"/>
   <agent start_id="7135" goal_id="10401"/>
   <agent start_id="1069" goal_id="1571"/>
   <agent start_id="5482" goal_id="8748"/>
   <agent start_id="10965" goal_id="2889"/>
   <agent start_id="6448" goal_id="6951"/>
   <agent start_id="5910" goal_id="9175"/>
   <agent start_id="5373" goal_id="8639"/>
   <agent start_id="10572" goal_id="11074"/>
   <agent start_id="5305" goal_id="8571"/>
   <agent start_id="4794" goal_id="5297"/>
   <agent start_id="5285" goal_id="8550"/>
   <agent start_id="4611" goal_id="7877"/>
   <agent start_id="9671" goal_id="90"/>
   <agent start_id="7155" goal_id="10421"/>
   <agent start_id="7319" goal_id="7821"/>
   <agent start_id="3319" goal_id="6584"/>
   <agent start_id="715" goal_id="3981"/>
   <agent start_id="5301" goal_id="5803"/>
   <agent start_id="42" goal_id="3307"/>
   <agent start_id="2128" goal_id="5394"/>
   <agent start_id="4978" goal_id="5480"/>
   <agent start_id="4720" goal_id="7986"/>
   <agent start_id="9380" goal_id="9882"/>
   <agent start_id="407" goal_id="3672"/>
   <agent start_id="8969" goal_id="892"/>
   <agent start_id="9026" goal_id="9529"/>
   <agent start_id="3958" goal_id="7224"/>
   <agent start_id="8479" goal_id="8982"/>
   <agent start_id="8880" goal_id="804"/>
   <agent start_id="7554" goal_id="10819"/>
   <agent start_id="11049" goal_id="209"/>
   <agent start_id="910" goal_id="4176"/>
   <agent start_id="7875" goal_id="1056"/>
   <agent start_id="2491" goal_id="2994"/>
   <agent start_id="4832" goal_id="8098"/>
   <agent start_id="6317" goal_id="6819"/>
   <agent start_id="10511" goal_id="2434"/>
   <agent start_id="4091" goal_id="7356"/>
   <agent start_id="4439" goal_id="4941"/>
   <agent start_id="10422" goal_id="2346"/>
   <agent start_id="4115" goal_id="8769"/>
   <agent start_id="7143" goal_id="4618"/>
   <agent start_id="9075" goal_id="2257"/>
   <agent start_id="10434" goal_id="10936"/>
   <agent start_id="4762" goal_id="8027"/>
   <agent start_id="7354" goal_id="10619"/>
   <agent start_id="6640" goal_id="7143"/>
   <agent start_id="5048" goal_id="8313"/>
   <agent start_id="11015" goal_id="7918"/>
   <agent start_id="2527" goal_id="175"/>
   <agent start_id="3326" goal_id="6592"/>
   <agent start_id="5237" goal_id="5740"/>
   <agent start_id="2653" goal_id="5919"/>
   <agent start_id="3891" goal_id="7156"/>
   <agent start_id="10114" goal_id="10617"/>
   <agent start_id="2564" goal_id="5830"/>
   <agent start_id="4337" goal_id="4839"/>
   <agent start_id="8739" goal_id="8422"/>
   <agent start_id="10079" goal_id="2002"/>
   <agent start_id="5744" goal_id="6246"/>
   <agent start_id="798" goal_id="4064"/>
   <agent start_id="8303" goal_id="8805"/>
   <agent start_id="7752" goal_id="934"/>
   <agent start_id="8337" goal_id="261"/>
   <agent start_id="2928" goal_id="3430"/>
   <agent start_id="61" goal_id="3326"/>
   <agent start_id="1878" goal_id="2381"/>
   <agent start_id="5023" goal_id="5525"/>
   <agent start_id="3238" goal_id="6503"/>
   <agent start_id="8922" goal_id="9425"/>
   <agent start_id="11294" goal_id="3217"/>
   <agent start_id="9397" goal_id="9900"/>
   <agent start_id="7355" goal_id="10620"/>
   <agent start_id="5180" goal_id="8446"/>
   <agent start_id="876" goal_id="1378"/>
   <agent start_id="5160" goal_id="8426"/>
   <agent start_id="6593" goal_id="9858"/>
   <agent start_id="1810" goal_id="2313"/>
   <agent start_id="5920" goal_id="9185"/>
   <agent start_id="2673" goal_id="5939"/>
   <agent start_id="1189" goal_id="1691"/>
   <agent start_id="10729" goal_id="2653"/>
   <agent start_id="1663" goal_id="2166"/>
   <agent start_id="10056" goal_id="3238"/>
   <agent start_id="931" goal_id="4197"/>
   <agent start_id="8456" goal_id="8959"/>
   <agent start_id="8335" goal_id="258"/>
   <agent start_id="512" goal_id="1014"/>
   <agent start_id="4396" goal_id="7661"/>
   <agent start_id="10950" goal_id="2874"/>
   <agent start_id="1165" goal_id="1668"/>
   <agent start_id="9761" goal_id="1684"/>
   <agent start_id="5008" goal_id="5510"/>
   <agent start_id="9604" goal_id="2785"/>
   <agent start_id="9117" goal_id="1040"/>
   <agent start_id="7662" goal_id="8165"/>
   <agent start_id="9515" goal_id="1439"/>
   <agent start_id="3851" goal_id="7117"/>
   <agent start_id="5282" goal_id="5785"/>
   <agent start_id="10080" goal_id="2003"/>
   <agent start_id="9042" goal_id="9544"/>
   <agent start_id="7773" goal_id="11039"/>
   <agent start_id="7100" goal_id="282"/>
   <agent start_id="3990" goal_id="4493"/>
   <agent start_id="9513" goal_id="2694"/>
   <agent start_id="10097" goal_id="2021"/>
   <agent start_id="8505" goal_id="9008"/>
   <agent start_id="368" goal_id="3634"/>
   <agent start_id="10992" goal_id="152"/>
   <agent start_id="300" goal_id="3565"/>
   <agent start_id="7703" goal_id="10968"/>
   <agent start_id="8612" goal_id="9114"/>
   <agent start_id="7029" goal_id="10295"/>
   <agent start_id="1170" goal_id="1672"/>
   <agent start_id="4565" goal_id="4436"/>
   <agent start_id="497" goal_id="3763"/>
   <agent start_id="8465" goal_id="8967"/>
   <agent start_id="1057" goal_id="4323"/>
   <agent start_id="7805" goal_id="8307"/>
   <agent start_id="3766" goal_id="7032"/>
   <agent start_id="3093" goal_id="6358"/>
   <agent start_id="10096" goal_id="10598"/>
   <agent start_id="5179" goal_id="8444"/>
   <agent start_id="6465" goal_id="9730"/>
   <agent start_id="3520" goal_id="4022"/>
   <agent start_id="6070" goal_id="9335"/>
   <agent start_id="4246" goal_id="4748"/>
   <agent start_id="2131" goal_id="5396"/>
   <agent start_id="1458" goal_id="4723"/>
   <agent start_id="201" goal_id="704"/>
   <agent start_id="5308" goal_id="8573"/>
   <agent start_id="1369" goal_id="4634"/>
   <agent start_id="6743" goal_id="7245"/>
   <agent start_id="11058" goal_id="2981"/>
   <agent start_id="8727" goal_id="9229"/>
   <agent start_id="4546" goal_id="7811"/>
   <agent start_id="2893" goal_id="6158"/>
   <agent start_id="4429" goal_id="4931"/>
   <agent start_id="8190" goal_id="1371"/>
   <agent start_id="2804" goal_id="6070"/>
   <agent start_id="8902" goal_id="1389"/>
   <agent start_id="4787" goal_id="5289"/>
   <agent start_id="5458" goal_id="11070"/>
   <agent start_id="8554" goal_id="478"/>
   <agent start_id="5400" goal_id="8665"/>
   <agent start_id="2517" goal_id="3020"/>
   <agent start_id="6686" goal_id="9951"/>
   <agent start_id="10249" goal_id="10751"/>
   <agent start_id="4053" goal_id="7319"/>
   <agent start_id="6466" goal_id="9731"/>
   <agent start_id="9674" goal_id="93"/>
   <agent start_id="10316" goal_id="2240"/>
   <agent start_id="11275" goal_id="3199"/>
   <agent start_id="6886" goal_id="7388"/>
   <agent start_id="518" goal_id="3784"/>
   <agent start_id="10786" goal_id="11288"/>
   <agent start_id="3110" goal_id="6376"/>
   <agent start_id="8881" goal_id="6236"/>
   <agent start_id="5734" goal_id="5332"/>
   <agent start_id="3962" goal_id="7228"/>
   <agent start_id="7812" goal_id="11078"/>
   <agent start_id="276" goal_id="778"/>
   <agent start_id="6486" goal_id="9751"/>
   <agent start_id="5840" goal_id="6343"/>
   <agent start_id="719" goal_id="425"/>
   <agent start_id="10735" goal_id="2658"/>
   <agent start_id="5487" goal_id="5990"/>
   <agent start_id="10714" goal_id="2638"/>
   <agent start_id="805" goal_id="4071"/>
   <agent start_id="5164" goal_id="5666"/>
   <agent start_id="410" goal_id="3676"/>
   <agent start_id="2452" goal_id="5717"/>
   <agent start_id="5417" goal_id="6734"/>
   <agent start_id="10406" goal_id="2329"/>
   <agent start_id="2347" goal_id="2850"/>
   <agent start_id="3240" goal_id="6506"/>
   <agent start_id="9664" goal_id="1587"/>
   <agent start_id="470" goal_id="972"/>
   <agent start_id="8991" goal_id="914"/>
   <agent start_id="5836" goal_id="9102"/>
   <agent start_id="1877" goal_id="2379"/>
   <agent start_id="9555" goal_id="1479"/>
   <agent start_id="9247" goal_id="9749"/>
   <agent start_id="7249" goal_id="10514"/>
   <agent start_id="7555" goal_id="737"/>
   <agent start_id="7369" goal_id="675"/>
   <agent start_id="8793" goal_id="717"/>
   <agent start_id="8534" goal_id="1715"/>
   <agent start_id="7501" goal_id="8004"/>
   <agent start_id="9079" goal_id="2261"/>
   <agent start_id="5055" goal_id="5558"/>
   <agent start_id="7480" goal_id="10746"/>
   <agent start_id="2966" goal_id="6231"/>
   <agent start_id="7876" goal_id="8378"/>
   <agent start_id="3550" goal_id="6816"/>
   <agent start_id="434" goal_id="936"/>
   <agent start_id="8055" goal_id="825"/>
   <agent start_id="5131" goal_id="8557"/>
   <agent start_id="571" goal_id="3836"/>
   <agent start_id="5922" goal_id="9188"/>
   <agent start_id="4261" goal_id="4764"/>
   <agent start_id="2262" goal_id="5527"/>
   <agent start_id="462" goal_id="3727"/>
   <agent start_id="4159" goal_id="4661"/>
   <agent start_id="3361" goal_id="9620"/>
   <agent start_id="5745" goal_id="9011"/>
   <agent start_id="566" goal_id="7763"/>
   <agent start_id="826" goal_id="4092"/>
   <agent start_id="7484" goal_id="7987"/>
   <agent start_id="7103" goal_id="285"/>
   <agent start_id="3350" goal_id="6616"/>
   <agent start_id="6109" goal_id="6611"/>
   <agent start_id="7014" goal_id="10280"/>
   <agent start_id="6341" goal_id="9607"/>
   <agent start_id="5756" goal_id="6258"/>
   <agent start_id="1609" goal_id="4874"/>
   <agent start_id="3293" goal_id="3795"/>
   <agent start_id="935" goal_id="4201"/>
   <agent start_id="7685" goal_id="10951"/>
   <agent start_id="913" goal_id="1415"/>
   <agent start_id="847" goal_id="4112"/>
   <agent start_id="149" goal_id="3414"/>
   <agent start_id="1732" goal_id="2235"/>
   <agent start_id="9209" goal_id="1133"/>
   <agent start_id="9516" goal_id="2697"/>
   <agent start_id="4415" goal_id="4917"/>
   <agent start_id="6508" goal_id="9774"/>
   <agent start_id="2973" goal_id="3476"/>
   <agent start_id="5182" goal_id="8447"/>
   <agent start_id="5161" goal_id="8427"/>
   <agent start_id="3917" goal_id="10018"/>
   <agent start_id="5093" goal_id="8359"/>
   <agent start_id="9318" goal_id="1242"/>
   <agent start_id="8391" goal_id="8894"/>
   <agent start_id="6032" goal_id="9298"/>
   <agent start_id="2698" goal_id="5964"/>
   <agent start_id="3844" goal_id="4347"/>
   <agent start_id="2678" goal_id="5324"/>
   <agent start_id="9608" goal_id="2789"/>
   <agent start_id="2329" goal_id="2831"/>
   <agent start_id="10192" goal_id="2116"/>
   <agent start_id="1899" goal_id="6731"/>
   <agent start_id="3549" goal_id="6814"/>
   <agent start_id="10952" goal_id="2875"/>
   <agent start_id="7570" goal_id="8072"/>
   <agent start_id="8777" goal_id="701"/>
   <agent start_id="9737" goal_id="1660"/>
   <agent start_id="11144" goal_id="304"/>
   <agent start_id="1460" goal_id="4726"/>
   <agent start_id="987" goal_id="1490"/>
   <agent start_id="8297" goal_id="2567"/>
   <agent start_id="1372" goal_id="4637"/>
   <agent start_id="6552" goal_id="7054"/>
   <agent start_id="8448" goal_id="372"/>
   <agent start_id="6273" goal_id="9539"/>
   <agent start_id="4534" goal_id="5036"/>
   <agent start_id="6580" goal_id="9845"/>
   <agent start_id="10299" goal_id="2222"/>
   <agent start_id="6378" goal_id="1445"/>
   <agent start_id="7013" goal_id="194"/>
   <agent start_id="11190" goal_id="3113"/>
   <agent start_id="4751" goal_id="5254"/>
   <agent start_id="5291" goal_id="3561"/>
   <agent start_id="4618" goal_id="7884"/>
   <agent start_id="6959" goal_id="7461"/>
   <agent start_id="718" goal_id="3984"/>
   <agent start_id="9428" goal_id="1351"/>
   <agent start_id="4170" goal_id="4672"/>
   <agent start_id="630" goal_id="3895"/>
   <agent start_id="560" goal_id="1062"/>
   <agent start_id="9339" goal_id="1263"/>
   <agent start_id="3114" goal_id="6380"/>
   <agent start_id="4181" goal_id="4683"/>
   <agent start_id="4727" goal_id="7992"/>
   <agent start_id="1141" goal_id="9557"/>
   <agent start_id="9336" goal_id="1643"/>
   <agent start_id="6271" goal_id="9537"/>
   <agent start_id="2118" goal_id="2620"/>
   <agent start_id="4945" goal_id="8210"/>
   <agent start_id="4550" goal_id="7815"/>
   <agent start_id="9667" goal_id="10169"/>
   <agent start_id="611" goal_id="3876"/>
   <agent start_id="9313" goal_id="722"/>
   <agent start_id="8457" goal_id="9816"/>
   <agent start_id="3134" goal_id="6400"/>
   <agent start_id="9558" goal_id="1481"/>
   <agent start_id="570" goal_id="1073"/>
   <agent start_id="6778" goal_id="8915"/>
   <agent start_id="8413" goal_id="4997"/>
   <agent start_id="8016" goal_id="11282"/>
   <agent start_id="8796" goal_id="719"/>
   <agent start_id="11012" goal_id="172"/>
   <agent start_id="2156" goal_id="2332"/>
   <agent start_id="6470" goal_id="9735"/>
   <agent start_id="4296" goal_id="4798"/>
   <agent start_id="10320" goal_id="2243"/>
   <agent start_id="9646" goal_id="1570"/>
   <agent start_id="1256" goal_id="1758"/>
   <agent start_id="8973" goal_id="2155"/>
   <agent start_id="5156" goal_id="5658"/>
   <agent start_id="6292" goal_id="9558"/>
   <agent start_id="4966" goal_id="8231"/>
   <agent start_id="2776" goal_id="3278"/>
   <agent start_id="3753" goal_id="8211"/>
   <agent start_id="2358" goal_id="4255"/>
   <agent start_id="5530" goal_id="8796"/>
   <agent start_id="3224" goal_id="6490"/>
   <agent start_id="10044" goal_id="462"/>
   <agent start_id="2551" goal_id="5816"/>
   <agent start_id="2602" goal_id="3104"/>
   <agent start_id="4585" goal_id="5421"/>
   <agent start_id="2462" goal_id="5728"/>
   <agent start_id="10401" goal_id="10904"/>
   <agent start_id="2442" goal_id="5708"/>
   <agent start_id="1394" goal_id="4659"/>
   <agent start_id="3685" goal_id="4578"/>
   <agent start_id="3986" goal_id="7252"/>
   <agent start_id="8087" goal_id="8590"/>
   <agent start_id="47" goal_id="3313"/>
   <agent start_id="10063" goal_id="3244"/>
   <agent start_id="5707" goal_id="6210"/>
   <agent start_id="11300" goal_id="3224"/>
   <agent start_id="6685" goal_id="7187"/>
   <agent start_id="9974" goal_id="1898"/>
   <agent start_id="5561" goal_id="7381"/>
   <agent start_id="4502" goal_id="6063"/>
   <agent start_id="9885" goal_id="1809"/>
   <agent start_id="8707" goal_id="4553"/>
   <agent start_id="7579" goal_id="10845"/>
   <agent start_id="7559" goal_id="741"/>
   <agent start_id="1991" goal_id="2493"/>
   <agent start_id="8144" goal_id="67"/>
   <agent start_id="5891" goal_id="6393"/>
   <agent start_id="8532" goal_id="10736"/>
   <agent start_id="9551" goal_id="1475"/>
   <agent start_id="3064" goal_id="3566"/>
   <agent start_id="1918" goal_id="5183"/>
   <agent start_id="9392" goal_id="9895"/>
   <agent start_id="9009" goal_id="3279"/>
   <agent start_id="4620" goal_id="8360"/>
   <agent start_id="4325" goal_id="5122"/>
   <agent start_id="7687" goal_id="10953"/>
   <agent start_id="6600" goal_id="9865"/>
   <agent start_id="5532" goal_id="6827"/>
   <agent start_id="2007" goal_id="5273"/>
   <agent start_id="8470" goal_id="394"/>
   <agent start_id="6614" goal_id="8882"/>
   <agent start_id="1919" goal_id="5184"/>
   <agent start_id="6587" goal_id="6681"/>
   <agent start_id="4511" goal_id="7777"/>
   <agent start_id="10086" goal_id="2010"/>
   <agent start_id="5071" goal_id="5574"/>
   <agent start_id="9413" goal_id="1336"/>
   <agent start_id="10846" goal_id="2769"/>
   <agent start_id="7670" goal_id="8173"/>
   <agent start_id="3354" goal_id="6620"/>
   <agent start_id="10757" goal_id="2681"/>
   <agent start_id="4128" goal_id="4630"/>
   <agent start_id="10084" goal_id="2007"/>
   <agent start_id="6770" goal_id="7272"/>
   <agent start_id="9411" goal_id="2592"/>
   <agent start_id="9995" goal_id="1919"/>
   <agent start_id="3228" goal_id="3730"/>
   <agent start_id="8342" goal_id="266"/>
   <agent start_id="7669" goal_id="850"/>
   <agent start_id="7853" goal_id="8356"/>
   <agent start_id="10866" goal_id="2790"/>
   <agent start_id="5947" goal_id="9213"/>
   <agent start_id="4060" goal_id="4562"/>
   <agent start_id="415" goal_id="3681"/>
   <agent start_id="5859" goal_id="9124"/>
   <agent start_id="10602" goal_id="11104"/>
   <agent start_id="9972" goal_id="1895"/>
   <agent start_id="5492" goal_id="8757"/>
   <agent start_id="8975" goal_id="9478"/>
   <agent start_id="1358" goal_id="4623"/>
   <agent start_id="7036" goal_id="10301"/>
   <agent start_id="2006" goal_id="6187"/>
   <agent start_id="2902" goal_id="6167"/>
   <agent start_id="18" goal_id="520"/>
   <agent start_id="596" goal_id="3861"/>
   <agent start_id="2029" goal_id="5294"/>
   <agent start_id="2366" goal_id="2868"/>
   <agent start_id="4221" goal_id="7487"/>
   <agent start_id="1957" goal_id="2459"/>
   <agent start_id="1466" goal_id="4732"/>
   <agent start_id="8870" goal_id="793"/>
   <agent start_id="6415" goal_id="6917"/>
   <agent start_id="8196" goal_id="9559"/>
   <agent start_id="9056" goal_id="1110"/>
   <agent start_id="10414" goal_id="2337"/>
   <agent start_id="505" goal_id="3770"/>
   <agent start_id="565" goal_id="1067"/>
   <agent start_id="9067" goal_id="2249"/>
   <agent start_id="9665" goal_id="10168"/>
   <agent start_id="8867" goal_id="2049"/>
   <agent start_id="6366" goal_id="9631"/>
   <agent start_id="5583" goal_id="3200"/>
   <agent start_id="5693" goal_id="8958"/>
   <agent start_id="6598" goal_id="7100"/>
   <agent start_id="7257" goal_id="10523"/>
   <agent start_id="613" goal_id="3879"/>
   <agent start_id="273" goal_id="776"/>
   <agent start_id="7613" goal_id="9176"/>
   <agent start_id="5423" goal_id="8689"/>
   <agent start_id="4100" goal_id="8071"/>
   <agent start_id="3209" goal_id="6475"/>
   <agent start_id="11173" goal_id="3097"/>
   <agent start_id="1608" goal_id="2110"/>
   <agent start_id="1912" goal_id="5177"/>
   <agent start_id="11085" goal_id="3008"/>
   <agent start_id="8150" goal_id="8652"/>
   <agent start_id="9758" goal_id="1682"/>
   <agent start_id="2372" goal_id="1720"/>
   <agent start_id="1287" goal_id="4552"/>
   <agent start_id="10323" goal_id="2246"/>
   <agent start_id="2944" goal_id="8556"/>
   <agent start_id="9649" goal_id="1573"/>
   <agent start_id="11149" goal_id="310"/>
   <agent start_id="3098" goal_id="6363"/>
   <agent start_id="11285" goal_id="3209"/>
   <agent start_id="8629" goal_id="9131"/>
   <agent start_id="8887" goal_id="811"/>
   <agent start_id="1683" goal_id="4948"/>
   <agent start_id="8531" goal_id="2304"/>
   <agent start_id="5953" goal_id="7166"/>
   <agent start_id="3227" goal_id="6493"/>
   <agent start_id="9853" goal_id="10355"/>
   <agent start_id="9650" goal_id="1574"/>
   <agent start_id="10076" goal_id="10579"/>
   <agent start_id="3138" goal_id="6404"/>
   <agent start_id="1485" goal_id="4751"/>
   <agent start_id="6651" goal_id="565"/>
   <agent start_id="8888" goal_id="812"/>
   <agent start_id="9176" goal_id="9678"/>
   <agent start_id="5642" goal_id="8907"/>
   <agent start_id="723" goal_id="3989"/>
   <agent start_id="6136" goal_id="6638"/>
   <agent start_id="4387" goal_id="7653"/>
   <agent start_id="10066" goal_id="3247"/>
   <agent start_id="4258" goal_id="4761"/>
   <agent start_id="4984" goal_id="1594"/>
   <agent start_id="4018" goal_id="8997"/>
   <agent start_id="6007" goal_id="8884"/>
   <agent start_id="262" goal_id="3528"/>
   <agent start_id="10541" goal_id="2465"/>
   <agent start_id="5593" goal_id="6096"/>
   <agent start_id="9215" goal_id="1138"/>
   <agent start_id="11158" goal_id="318"/>
   <agent start_id="4949" goal_id="8215"/>
   <agent start_id="8010" goal_id="11275"/>
   <agent start_id="4906" goal_id="5408"/>
   <agent start_id="9647" goal_id="1112"/>
   <agent start_id="610" goal_id="7988"/>
   <agent start_id="1706" goal_id="4972"/>
   <agent start_id="10742" goal_id="2666"/>
   <agent start_id="1813" goal_id="5078"/>
   <agent start_id="465" goal_id="7190"/>
   <agent start_id="6038" goal_id="9303"/>
   <agent start_id="4990" goal_id="8255"/>
   <agent start_id="3648" goal_id="4150"/>
   <agent start_id="1051" goal_id="4316"/>
   <agent start_id="7888" goal_id="1070"/>
   <agent start_id="2524" goal_id="3026"/>
   <agent start_id="9087" goal_id="2268"/>
   <agent start_id="289" goal_id="3554"/>
   <agent start_id="5006" goal_id="6647"/>
   <agent start_id="1901" goal_id="7875"/>
   <agent start_id="6823" goal_id="10089"/>
   <agent start_id="4378" goal_id="4880"/>
   <agent start_id="3831" goal_id="4333"/>
   <agent start_id="4904" goal_id="10515"/>
</root>