<?xml version="1.0" ?>
<root>
   <agent start_id="1863" goal_id="5129"/>
   <agent start_id="1794" goal_id="5060"/>
   <agent start_id="4387" goal_id="7652"/>
   <agent start_id="4292" goal_id="4795"/>
   <agent start_id="6979" goal_id="161"/>
   <agent start_id="7437" goal_id="7939"/>
   <agent start_id="9289" goal_id="1212"/>
   <agent start_id="1992" goal_id="5258"/>
   <agent start_id="2951" goal_id="6217"/>
   <agent start_id="7292" goal_id="7794"/>
   <agent start_id="8527" goal_id="450"/>
   <agent start_id="1374" goal_id="1876"/>
   <agent start_id="7853" goal_id="11119"/>
   <agent start_id="9939" goal_id="1863"/>
   <agent start_id="1050" goal_id="1553"/>
   <agent start_id="815" goal_id="4080"/>
   <agent start_id="5201" goal_id="5704"/>
   <agent start_id="9851" goal_id="1774"/>
   <agent start_id="448" goal_id="3713"/>
   <agent start_id="3575" goal_id="4078"/>
   <agent start_id="4298" goal_id="7564"/>
   <agent start_id="284" goal_id="5257"/>
   <agent start_id="5820" goal_id="786"/>
   <agent start_id="6783" goal_id="10048"/>
   <agent start_id="9375" goal_id="2556"/>
   <agent start_id="4659" goal_id="5161"/>
   <agent start_id="9959" goal_id="1883"/>
   <agent start_id="8633" goal_id="557"/>
   <agent start_id="2781" goal_id="3284"/>
   <agent start_id="3714" goal_id="6980"/>
   <agent start_id="4299" goal_id="7565"/>
   <agent start_id="6905" goal_id="7407"/>
   <agent start_id="4605" goal_id="7871"/>
   <agent start_id="1378" goal_id="1881"/>
   <agent start_id="2952" goal_id="6218"/>
   <agent start_id="2557" goal_id="4591"/>
   <agent start_id="4088" goal_id="2395"/>
   <agent start_id="7109" goal_id="10375"/>
   <agent start_id="558" goal_id="3823"/>
   <agent start_id="2211" goal_id="2713"/>
   <agent start_id="1795" goal_id="5061"/>
   <agent start_id="3188" goal_id="3690"/>
   <agent start_id="1122" goal_id="4388"/>
   <agent start_id="11138" goal_id="3061"/>
   <agent start_id="1310" goal_id="1813"/>
   <agent start_id="6799" goal_id="10065"/>
   <agent start_id="2973" goal_id="6238"/>
   <agent start_id="9396" goal_id="1320"/>
   <agent start_id="9836" goal_id="10338"/>
   <agent start_id="271" goal_id="3537"/>
   <agent start_id="2645" goal_id="3147"/>
   <agent start_id="578" goal_id="3843"/>
   <agent start_id="8634" goal_id="558"/>
   <agent start_id="8936" goal_id="9438"/>
   <agent start_id="7308" goal_id="489"/>
   <agent start_id="7892" goal_id="11158"/>
   <agent start_id="7058" goal_id="7560"/>
   <agent start_id="7872" goal_id="11138"/>
   <agent start_id="8831" goal_id="2013"/>
   <agent start_id="844" goal_id="1347"/>
   <agent start_id="687" goal_id="3952"/>
   <agent start_id="6911" goal_id="7414"/>
   <agent start_id="2391" goal_id="5657"/>
   <agent start_id="4935" goal_id="8201"/>
   <agent start_id="7816" goal_id="8318"/>
   <agent start_id="3282" goal_id="6548"/>
   <agent start_id="4715" goal_id="7981"/>
   <agent start_id="7241" goal_id="7744"/>
   <agent start_id="2409" goal_id="5675"/>
   <agent start_id="3173" goal_id="6439"/>
   <agent start_id="5977" goal_id="6479"/>
   <agent start_id="10576" goal_id="2500"/>
   <agent start_id="9374" goal_id="9877"/>
   <agent start_id="2432" goal_id="5697"/>
   <agent start_id="7130" goal_id="10396"/>
   <agent start_id="3301" goal_id="3803"/>
   <agent start_id="9814" goal_id="1738"/>
   <agent start_id="4804" goal_id="8069"/>
   <agent start_id="7927" goal_id="8429"/>
   <agent start_id="8093" goal_id="17"/>
   <agent start_id="9052" goal_id="976"/>
   <agent start_id="7573" goal_id="8076"/>
   <agent start_id="9832" goal_id="1756"/>
   <agent start_id="2341" goal_id="5606"/>
   <agent start_id="2256" goal_id="2758"/>
   <agent start_id="9417" goal_id="1341"/>
   <agent start_id="2729" goal_id="5994"/>
   <agent start_id="1251" goal_id="1753"/>
   <agent start_id="9182" goal_id="1105"/>
   <agent start_id="11268" goal_id="3191"/>
   <agent start_id="2081" goal_id="2584"/>
   <agent start_id="885" goal_id="4151"/>
   <agent start_id="3164" goal_id="6735"/>
   <agent start_id="4082" goal_id="7348"/>
   <agent start_id="1776" goal_id="5042"/>
   <agent start_id="4606" goal_id="5108"/>
   <agent start_id="7671" goal_id="5583"/>
   <agent start_id="9552" goal_id="3198"/>
   <agent start_id="3412" goal_id="6678"/>
   <agent start_id="2739" goal_id="6005"/>
   <agent start_id="7438" goal_id="10703"/>
   <agent start_id="5187" goal_id="5689"/>
   <agent start_id="6764" goal_id="10030"/>
   <agent start_id="7829" goal_id="8331"/>
   <agent start_id="7349" goal_id="10614"/>
   <agent start_id="2430" goal_id="5696"/>
   <agent start_id="1868" goal_id="2371"/>
   <agent start_id="1757" goal_id="5023"/>
   <agent start_id="2342" goal_id="5607"/>
   <agent start_id="8410" goal_id="8913"/>
   <agent start_id="4281" goal_id="7546"/>
   <agent start_id="5370" goal_id="7526"/>
   <agent start_id="6549" goal_id="5873"/>
   <agent start_id="600" goal_id="3866"/>
   <agent start_id="5594" goal_id="6096"/>
   <agent start_id="2539" goal_id="5805"/>
   <agent start_id="1866" goal_id="5131"/>
   <agent start_id="4219" goal_id="4721"/>
   <agent start_id="9269" goal_id="2450"/>
   <agent start_id="1777" goal_id="5043"/>
   <agent start_id="676" goal_id="1179"/>
   <agent start_id="9180" goal_id="1104"/>
   <agent start_id="2816" goal_id="3318"/>
   <agent start_id="8507" goal_id="1688"/>
   <agent start_id="1995" goal_id="5260"/>
   <agent start_id="1692" goal_id="2194"/>
   <agent start_id="7439" goal_id="10704"/>
   <agent start_id="6112" goal_id="9378"/>
   <agent start_id="5564" goal_id="6067"/>
   <agent start_id="7350" goal_id="10615"/>
   <agent start_id="7799" goal_id="8302"/>
   <agent start_id="6677" goal_id="9942"/>
   <agent start_id="5350" goal_id="8616"/>
   <agent start_id="5922" goal_id="6424"/>
   <agent start_id="9200" goal_id="1124"/>
   <agent start_id="9066" goal_id="4788"/>
   <agent start_id="1522" goal_id="6573"/>
   <agent start_id="2668" goal_id="5934"/>
   <agent start_id="6277" goal_id="6780"/>
   <agent start_id="7459" goal_id="10724"/>
   <agent start_id="11123" goal_id="3046"/>
   <agent start_id="3254" goal_id="3757"/>
   <agent start_id="2846" goal_id="6112"/>
   <agent start_id="10054" goal_id="1978"/>
   <agent start_id="7880" goal_id="8383"/>
   <agent start_id="9381" goal_id="1305"/>
   <agent start_id="438" goal_id="941"/>
   <agent start_id="3859" goal_id="7124"/>
   <agent start_id="5282" goal_id="8547"/>
   <agent start_id="7372" goal_id="7874"/>
   <agent start_id="5261" goal_id="10109"/>
   <agent start_id="11032" goal_id="2955"/>
   <agent start_id="1411" goal_id="1913"/>
   <agent start_id="9379" goal_id="2560"/>
   <agent start_id="2137" goal_id="2639"/>
   <agent start_id="2867" goal_id="6132"/>
   <agent start_id="1214" goal_id="4479"/>
   <agent start_id="9181" goal_id="9683"/>
   <agent start_id="7964" goal_id="1145"/>
   <agent start_id="2758" goal_id="6023"/>
   <agent start_id="5890" goal_id="6392"/>
   <agent start_id="11140" goal_id="3064"/>
   <agent start_id="383" goal_id="3649"/>
   <agent start_id="3761" goal_id="4264"/>
   <agent start_id="7786" goal_id="11052"/>
   <agent start_id="9399" goal_id="1322"/>
   <agent start_id="8387" goal_id="8889"/>
   <agent start_id="274" goal_id="3540"/>
   <agent start_id="10290" goal_id="2213"/>
   <agent start_id="6761" goal_id="5082"/>
   <agent start_id="8637" goal_id="560"/>
   <agent start_id="7487" goal_id="7989"/>
   <agent start_id="2125" goal_id="5390"/>
   <agent start_id="3084" goal_id="6350"/>
   <agent start_id="6614" goal_id="7116"/>
   <agent start_id="10487" goal_id="2411"/>
   <agent start_id="2956" goal_id="6222"/>
   <agent start_id="8068" goal_id="8570"/>
   <agent start_id="2888" goal_id="6153"/>
   <agent start_id="6133" goal_id="9399"/>
   <agent start_id="5028" goal_id="5530"/>
   <agent start_id="8072" goal_id="1254"/>
   <agent start_id="7024" goal_id="10290"/>
   <agent start_id="3402" goal_id="3904"/>
   <agent start_id="5371" goal_id="8637"/>
   <agent start_id="4128" goal_id="4630"/>
   <agent start_id="9035" goal_id="2217"/>
   <agent start_id="9620" goal_id="1543"/>
   <agent start_id="3774" goal_id="4277"/>
   <agent start_id="2976" goal_id="6242"/>
   <agent start_id="3936" goal_id="7201"/>
   <agent start_id="7127" goal_id="7629"/>
   <agent start_id="6543" goal_id="9808"/>
   <agent start_id="9311" goal_id="1235"/>
   <agent start_id="10999" goal_id="160"/>
   <agent start_id="888" goal_id="4154"/>
   <agent start_id="8898" goal_id="9401"/>
   <agent start_id="7443" goal_id="10708"/>
   <agent start_id="11162" goal_id="3085"/>
   <agent start_id="2182" goal_id="2684"/>
   <agent start_id="6243" goal_id="9509"/>
   <agent start_id="6305" goal_id="8835"/>
   <agent start_id="1616" goal_id="6808"/>
   <agent start_id="7134" goal_id="10400"/>
   <agent start_id="10706" goal_id="2630"/>
   <agent start_id="7097" goal_id="7600"/>
   <agent start_id="9053" goal_id="2235"/>
   <agent start_id="5392" goal_id="8658"/>
   <agent start_id="9305" goal_id="9807"/>
   <agent start_id="4719" goal_id="7985"/>
   <agent start_id="8291" goal_id="1473"/>
   <agent start_id="8181" goal_id="8683"/>
   <agent start_id="891" goal_id="4157"/>
   <agent start_id="2012" goal_id="2514"/>
   <agent start_id="218" goal_id="3484"/>
   <agent start_id="5896" goal_id="9162"/>
   <agent start_id="7029" goal_id="7532"/>
   <agent start_id="5501" goal_id="8767"/>
   <agent start_id="2068" goal_id="5334"/>
   <agent start_id="8436" goal_id="8939"/>
   <agent start_id="7512" goal_id="694"/>
   <agent start_id="6744" goal_id="7246"/>
   <agent start_id="494" goal_id="3760"/>
   <agent start_id="7424" goal_id="10689"/>
   <agent start_id="1944" goal_id="2446"/>
   <agent start_id="6750" goal_id="10016"/>
   <agent start_id="7335" goal_id="10600"/>
   <agent start_id="9743" goal_id="10246"/>
   <agent start_id="6662" goal_id="9927"/>
   <agent start_id="8094" goal_id="18"/>
   <agent start_id="1001" goal_id="4738"/>
   <agent start_id="4170" goal_id="7436"/>
   <agent start_id="7603" goal_id="5429"/>
   <agent start_id="1562" goal_id="4828"/>
   <agent start_id="6679" goal_id="9945"/>
   <agent start_id="1765" goal_id="2267"/>
   <agent start_id="2014" goal_id="5280"/>
   <agent start_id="9565" goal_id="9856"/>
   <agent start_id="4731" goal_id="10067"/>
   <agent start_id="5917" goal_id="9183"/>
   <agent start_id="712" goal_id="3977"/>
   <agent start_id="3853" goal_id="4356"/>
   <agent start_id="1671" goal_id="4937"/>
   <agent start_id="8004" goal_id="3532"/>
   <agent start_id="1976" goal_id="1977"/>
   <agent start_id="10034" goal_id="3215"/>
   <agent start_id="2953" goal_id="3455"/>
   <agent start_id="8332" goal_id="256"/>
   <agent start_id="6026" goal_id="9292"/>
   <agent start_id="573" goal_id="1075"/>
   <agent start_id="3281" goal_id="4909"/>
   <agent start_id="4407" goal_id="4314"/>
   <agent start_id="3325" goal_id="6591"/>
   <agent start_id="2652" goal_id="9350"/>
   <agent start_id="8847" goal_id="5726"/>
   <agent start_id="346" goal_id="3611"/>
   <agent start_id="4737" goal_id="8002"/>
   <agent start_id="7658" goal_id="8160"/>
   <agent start_id="8513" goal_id="437"/>
   <agent start_id="10980" goal_id="141"/>
   <agent start_id="9946" goal_id="1870"/>
   <agent start_id="9273" goal_id="2454"/>
   <agent start_id="2238" goal_id="2740"/>
   <agent start_id="9857" goal_id="1781"/>
   <agent start_id="8531" goal_id="454"/>
   <agent start_id="360" goal_id="862"/>
   <agent start_id="7009" goal_id="10275"/>
   <agent start_id="8203" goal_id="8705"/>
   <agent start_id="5356" goal_id="8622"/>
   <agent start_id="10055" goal_id="8633"/>
   <agent start_id="8130" goal_id="1111"/>
   <agent start_id="7904" goal_id="11054"/>
   <agent start_id="6701" goal_id="9966"/>
   <agent start_id="4086" goal_id="4588"/>
   <agent start_id="8640" goal_id="563"/>
   <agent start_id="5354" goal_id="8619"/>
   <agent start_id="543" goal_id="1046"/>
   <agent start_id="6592" goal_id="9857"/>
   <agent start_id="1520" goal_id="7551"/>
   <agent start_id="4286" goal_id="5671"/>
   <agent start_id="4592" goal_id="7857"/>
   <agent start_id="10985" goal_id="145"/>
   <agent start_id="4197" goal_id="871"/>
   <agent start_id="6687" goal_id="11034"/>
   <agent start_id="1052" goal_id="7189"/>
   <agent start_id="6116" goal_id="9381"/>
   <agent start_id="6700" goal_id="1731"/>
   <agent start_id="1229" goal_id="4394"/>
   <agent start_id="7007" goal_id="10272"/>
   <agent start_id="455" goal_id="3721"/>
   <agent start_id="7017" goal_id="6732"/>
   <agent start_id="10276" goal_id="2199"/>
   <agent start_id="4775" goal_id="5278"/>
   <agent start_id="9602" goal_id="1526"/>
   <agent start_id="7296" goal_id="478"/>
   <agent start_id="11066" goal_id="226"/>
   <agent start_id="7881" goal_id="11147"/>
   <agent start_id="3624" goal_id="4126"/>
   <agent start_id="4503" goal_id="5491"/>
   <agent start_id="1544" goal_id="4809"/>
   <agent start_id="8641" goal_id="6437"/>
   <agent start_id="3171" goal_id="2074"/>
   <agent start_id="476" goal_id="3741"/>
   <agent start_id="1925" goal_id="2427"/>
   <agent start_id="7879" goal_id="11144"/>
   <agent start_id="387" goal_id="3652"/>
   <agent start_id="9725" goal_id="10227"/>
   <agent start_id="1346" goal_id="3036"/>
   <agent start_id="20" goal_id="3286"/>
   <agent start_id="8098" goal_id="8601"/>
   <agent start_id="1258" goal_id="4523"/>
   <agent start_id="9076" goal_id="9578"/>
   <agent start_id="3289" goal_id="6555"/>
   <agent start_id="6355" goal_id="9620"/>
   <agent start_id="4780" goal_id="5282"/>
   <agent start_id="4702" goal_id="7967"/>
   <agent start_id="4633" goal_id="7899"/>
   <agent start_id="11070" goal_id="231"/>
   <agent start_id="8858" goal_id="782"/>
   <agent start_id="805" goal_id="4071"/>
   <agent start_id="9162" goal_id="1638"/>
   <agent start_id="132" goal_id="3398"/>
   <agent start_id="3777" goal_id="11330"/>
   <agent start_id="10801" goal_id="2724"/>
   <agent start_id="1545" goal_id="4810"/>
   <agent start_id="4712" goal_id="5214"/>
   <agent start_id="6375" goal_id="9640"/>
   <agent start_id="10039" goal_id="1962"/>
   <agent start_id="6777" goal_id="7279"/>
   <agent start_id="3395" goal_id="6481"/>
   <agent start_id="3000" goal_id="6266"/>
   <agent start_id="7962" goal_id="8465"/>
   <agent start_id="6699" goal_id="9965"/>
   <agent start_id="11043" goal_id="9257"/>
   <agent start_id="5991" goal_id="8111"/>
   <agent start_id="7229" goal_id="10494"/>
   <agent start_id="2545" goal_id="5810"/>
   <agent start_id="1536" goal_id="2038"/>
   <agent start_id="5882" goal_id="9148"/>
   <agent start_id="497" goal_id="3762"/>
   <agent start_id="4246" goal_id="4748"/>
   <agent start_id="10512" goal_id="2436"/>
   <agent start_id="9810" goal_id="10313"/>
   <agent start_id="7226" goal_id="10492"/>
   <agent start_id="5588" goal_id="8854"/>
   <agent start_id="2713" goal_id="2424"/>
   <agent start_id="3399" goal_id="6664"/>
   <agent start_id="4832" goal_id="8097"/>
   <agent start_id="10391" goal_id="10894"/>
   <agent start_id="9057" goal_id="2238"/>
   <agent start_id="8009" goal_id="11274"/>
   <agent start_id="6093" goal_id="6596"/>
   <agent start_id="6682" goal_id="9948"/>
   <agent start_id="3396" goal_id="6662"/>
   <agent start_id="2049" goal_id="2551"/>
   <agent start_id="4634" goal_id="7900"/>
   <agent start_id="3026" goal_id="3528"/>
   <agent start_id="6573" goal_id="9839"/>
   <agent start_id="1002" goal_id="4267"/>
   <agent start_id="897" goal_id="1400"/>
   <agent start_id="10822" goal_id="2746"/>
   <agent start_id="8516" goal_id="439"/>
   <agent start_id="2304" goal_id="2807"/>
   <agent start_id="9475" goal_id="2657"/>
   <agent start_id="5197" goal_id="5700"/>
   <agent start_id="824" goal_id="4090"/>
   <agent start_id="4070" goal_id="7335"/>
   <agent start_id="10820" goal_id="2743"/>
   <agent start_id="354" goal_id="857"/>
   <agent start_id="3981" goal_id="7247"/>
   <agent start_id="7645" goal_id="10911"/>
   <agent start_id="10181" goal_id="10683"/>
   <agent start_id="6972" goal_id="153"/>
   <agent start_id="9957" goal_id="4226"/>
   <agent start_id="8405" goal_id="1586"/>
   <agent start_id="8989" goal_id="913"/>
   <agent start_id="4080" goal_id="4582"/>
   <agent start_id="1219" goal_id="4485"/>
   <agent start_id="6010" goal_id="9275"/>
   <agent start_id="286" goal_id="789"/>
   <agent start_id="5468" goal_id="8733"/>
   <agent start_id="11303" goal_id="463"/>
   <agent start_id="10113" goal_id="6101"/>
   <agent start_id="62" goal_id="3328"/>
   <agent start_id="140" goal_id="642"/>
   <agent start_id="2093" goal_id="5359"/>
   <agent start_id="4686" goal_id="7951"/>
   <agent start_id="1295" goal_id="1798"/>
   <agent start_id="280" goal_id="3545"/>
   <agent start_id="2413" goal_id="3525"/>
   <agent start_id="260" goal_id="3893"/>
   <agent start_id="8955" goal_id="9457"/>
   <agent start_id="6195" goal_id="465"/>
   <agent start_id="2091" goal_id="5357"/>
   <agent start_id="1696" goal_id="4962"/>
   <agent start_id="7569" goal_id="10834"/>
   <agent start_id="6009" goal_id="6511"/>
   <agent start_id="4595" goal_id="7860"/>
   <agent start_id="934" goal_id="4200"/>
   <agent start_id="9760" goal_id="178"/>
   <agent start_id="261" goal_id="3526"/>
   <agent start_id="10929" goal_id="2853"/>
   <agent start_id="6217" goal_id="6720"/>
   <agent start_id="9316" goal_id="2449"/>
   <agent start_id="1947" goal_id="5596"/>
   <agent start_id="3744" goal_id="3765"/>
   <agent start_id="9188" goal_id="3903"/>
   <agent start_id="3401" goal_id="2685"/>
   <agent start_id="7861" goal_id="1043"/>
   <agent start_id="9099" goal_id="1023"/>
   <agent start_id="9943" goal_id="361"/>
   <agent start_id="11038" goal_id="2962"/>
   <agent start_id="281" goal_id="3546"/>
   <agent start_id="8567" goal_id="9070"/>
   <agent start_id="1240" goal_id="4506"/>
   <agent start_id="6104" goal_id="2200"/>
   <agent start_id="10608" goal_id="5528"/>
   <agent start_id="9603" goal_id="2785"/>
   <agent start_id="5352" goal_id="8618"/>
   <agent start_id="9270" goal_id="9772"/>
   <agent start_id="4142" goal_id="7408"/>
   <agent start_id="1556" goal_id="7208"/>
   <agent start_id="4402" goal_id="7773"/>
   <agent start_id="10079" goal_id="2002"/>
   <agent start_id="7773" goal_id="11038"/>
   <agent start_id="1308" goal_id="8272"/>
   <agent start_id="8079" goal_id="1261"/>
   <agent start_id="2786" goal_id="6051"/>
   <agent start_id="8355" goal_id="8857"/>
   <agent start_id="3092" goal_id="6357"/>
   <agent start_id="2828" goal_id="3331"/>
   <agent start_id="2672" goal_id="5938"/>
   <agent start_id="4636" goal_id="7902"/>
   <agent start_id="9621" goal_id="40"/>
   <agent start_id="3963" goal_id="7228"/>
   <agent start_id="7300" goal_id="482"/>
   <agent start_id="5687" goal_id="6190"/>
   <agent start_id="9587" goal_id="11150"/>
   <agent start_id="6288" goal_id="10090"/>
   <agent start_id="588" goal_id="3854"/>
   <agent start_id="7518" goal_id="699"/>
   <agent start_id="7961" goal_id="8463"/>
   <agent start_id="3765" goal_id="7031"/>
   <agent start_id="7429" goal_id="10695"/>
   <agent start_id="3161" goal_id="3663"/>
   <agent start_id="11148" goal_id="3072"/>
   <agent start_id="6361" goal_id="9626"/>
   <agent start_id="6791" goal_id="8289"/>
   <agent start_id="1350" goal_id="4616"/>
   <agent start_id="8100" goal_id="24"/>
   <agent start_id="2218" goal_id="2720"/>
   <agent start_id="9713" goal_id="2894"/>
   <agent start_id="4272" goal_id="7538"/>
   <agent start_id="2367" goal_id="2869"/>
   <agent start_id="7991" goal_id="155"/>
   <agent start_id="9736" goal_id="5835"/>
   <agent start_id="9930" goal_id="3112"/>
   <agent start_id="6270" goal_id="9535"/>
   <agent start_id="5943" goal_id="6445"/>
   <agent start_id="3540" goal_id="6805"/>
   <agent start_id="809" goal_id="4075"/>
   <agent start_id="5841" goal_id="6343"/>
   <agent start_id="8773" goal_id="697"/>
   <agent start_id="5545" goal_id="6047"/>
   <agent start_id="6467" goal_id="9733"/>
   <agent start_id="9060" goal_id="2241"/>
   <agent start_id="2254" goal_id="2756"/>
   <agent start_id="6379" goal_id="9644"/>
   <agent start_id="807" goal_id="4073"/>
   <agent start_id="7540" goal_id="8042"/>
   <agent start_id="134" goal_id="3399"/>
   <agent start_id="9823" goal_id="3004"/>
   <agent start_id="131" goal_id="5742"/>
   <agent start_id="2331" goal_id="9169"/>
   <agent start_id="9734" goal_id="1658"/>
   <agent start_id="8623" goal_id="9126"/>
   <agent start_id="9061" goal_id="2242"/>
   <agent start_id="1569" goal_id="4834"/>
   <agent start_id="5583" goal_id="6086"/>
   <agent start_id="8319" goal_id="242"/>
   <agent start_id="1480" goal_id="1285"/>
   <agent start_id="783" goal_id="8947"/>
   <agent start_id="3419" goal_id="6685"/>
   <agent start_id="4471" goal_id="7736"/>
   <agent start_id="3775" goal_id="2190"/>
   <agent start_id="718" goal_id="3984"/>
   <agent start_id="1141" goal_id="1643"/>
   <agent start_id="7142" goal_id="10407"/>
   <agent start_id="4836" goal_id="8101"/>
   <agent start_id="5013" goal_id="5515"/>
   <agent start_id="6775" goal_id="10040"/>
   <agent start_id="8992" goal_id="916"/>
   <agent start_id="3889" goal_id="4391"/>
   <agent start_id="7339" goal_id="10605"/>
   <agent start_id="10431" goal_id="827"/>
   <agent start_id="6730" goal_id="10933"/>
   <agent start_id="7250" goal_id="10516"/>
   <agent start_id="7557" goal_id="10822"/>
   <agent start_id="6888" goal_id="7391"/>
   <agent start_id="1985" goal_id="5251"/>
</root>