<?xml version="1.0" ?>
<root>
   <agent start_id="5057" goal_id="8323"/>
   <agent start_id="8081" goal_id="8584"/>
   <agent start_id="7796" goal_id="978"/>
   <agent start_id="958" goal_id="4223"/>
   <agent start_id="4931" goal_id="5433"/>
   <agent start_id="3856" goal_id="7122"/>
   <agent start_id="9973" goal_id="3155"/>
   <agent start_id="9556" goal_id="10059"/>
   <agent start_id="6966" goal_id="10231"/>
   <agent start_id="1155" goal_id="4421"/>
   <agent start_id="8181" goal_id="8684"/>
   <agent start_id="760" goal_id="4026"/>
   <agent start_id="1393" goal_id="4659"/>
   <agent start_id="8220" goal_id="8722"/>
   <agent start_id="393" goal_id="3659"/>
   <agent start_id="3857" goal_id="7123"/>
   <agent start_id="7551" goal_id="8054"/>
   <agent start_id="4642" goal_id="7907"/>
   <agent start_id="11280" goal_id="3203"/>
   <agent start_id="6930" goal_id="7432"/>
   <agent start_id="5533" goal_id="8798"/>
   <agent start_id="5301" goal_id="5804"/>
   <agent start_id="3680" goal_id="6946"/>
   <agent start_id="3129" goal_id="6395"/>
   <agent start_id="10942" goal_id="103"/>
   <agent start_id="4293" goal_id="7558"/>
   <agent start_id="10840" goal_id="1"/>
   <agent start_id="5077" goal_id="8343"/>
   <agent start_id="10102" goal_id="2026"/>
   <agent start_id="4173" goal_id="4675"/>
   <agent start_id="3264" goal_id="6529"/>
   <agent start_id="5652" goal_id="6155"/>
   <agent start_id="6728" goal_id="9993"/>
   <agent start_id="937" goal_id="4203"/>
   <agent start_id="4441" goal_id="7706"/>
   <agent start_id="5552" goal_id="6055"/>
   <agent start_id="7145" goal_id="10411"/>
   <agent start_id="3673" goal_id="4175"/>
   <agent start_id="7778" goal_id="960"/>
   <agent start_id="613" goal_id="3879"/>
   <agent start_id="884" goal_id="1387"/>
   <agent start_id="10302" goal_id="2226"/>
   <agent start_id="8796" goal_id="720"/>
   <agent start_id="10082" goal_id="3264"/>
   <agent start_id="2293" goal_id="2796"/>
   <agent start_id="1264" goal_id="4529"/>
   <agent start_id="611" goal_id="3876"/>
   <agent start_id="2583" goal_id="3085"/>
   <agent start_id="4075" goal_id="7341"/>
   <agent start_id="2853" goal_id="3356"/>
   <agent start_id="3880" goal_id="7145"/>
   <agent start_id="3986" goal_id="7252"/>
   <agent start_id="9395" goal_id="9897"/>
   <agent start_id="4771" goal_id="8036"/>
   <agent start_id="413" goal_id="3679"/>
   <agent start_id="6560" goal_id="7062"/>
   <agent start_id="6510" goal_id="9776"/>
   <agent start_id="4092" goal_id="7357"/>
   <agent start_id="533" goal_id="1035"/>
   <agent start_id="4544" goal_id="5046"/>
   <agent start_id="4870" goal_id="8136"/>
   <agent start_id="3931" goal_id="9449"/>
   <agent start_id="4767" goal_id="8033"/>
   <agent start_id="2481" goal_id="5747"/>
   <agent start_id="16" goal_id="518"/>
   <agent start_id="7574" goal_id="755"/>
   <agent start_id="5185" goal_id="8450"/>
   <agent start_id="1170" goal_id="1672"/>
   <agent start_id="8996" goal_id="919"/>
   <agent start_id="346" goal_id="848"/>
   <agent start_id="7143" goal_id="324"/>
   <agent start_id="10667" goal_id="2590"/>
   <agent start_id="9306" goal_id="9808"/>
   <agent start_id="11299" goal_id="3223"/>
   <agent start_id="1195" goal_id="4461"/>
   <agent start_id="10853" goal_id="14"/>
   <agent start_id="10558" goal_id="2481"/>
   <agent start_id="482" goal_id="3747"/>
   <agent start_id="99" goal_id="601"/>
   <agent start_id="107" goal_id="3372"/>
   <agent start_id="7836" goal_id="11102"/>
   <agent start_id="2008" goal_id="2511"/>
   <agent start_id="2005" goal_id="5271"/>
   <agent start_id="11315" goal_id="3239"/>
   <agent start_id="9331" goal_id="5983"/>
   <agent start_id="2482" goal_id="5748"/>
   <agent start_id="10973" goal_id="2896"/>
   <agent start_id="923" goal_id="1425"/>
   <agent start_id="5420" goal_id="8686"/>
   <agent start_id="4867" goal_id="5370"/>
   <agent start_id="2155" goal_id="5420"/>
   <agent start_id="960" goal_id="4225"/>
   <agent start_id="2145" goal_id="2647"/>
   <agent start_id="4205" goal_id="7470"/>
   <agent start_id="3624" goal_id="4127"/>
   <agent start_id="7689" goal_id="10955"/>
   <agent start_id="7816" goal_id="11082"/>
   <agent start_id="6163" goal_id="9429"/>
   <agent start_id="1610" goal_id="4876"/>
   <agent start_id="610" goal_id="484"/>
   <agent start_id="869" goal_id="4134"/>
   <agent start_id="10385" goal_id="10888"/>
   <agent start_id="522" goal_id="3787"/>
   <agent start_id="7598" goal_id="10864"/>
   <agent start_id="6341" goal_id="6843"/>
   <agent start_id="1413" goal_id="4678"/>
   <agent start_id="6155" goal_id="6658"/>
   <agent start_id="10224" goal_id="2148"/>
   <agent start_id="9775" goal_id="1699"/>
   <agent start_id="1104" goal_id="1606"/>
   <agent start_id="4510" goal_id="7776"/>
   <agent start_id="932" goal_id="4198"/>
   <agent start_id="6511" goal_id="7013"/>
   <agent start_id="10320" goal_id="2243"/>
   <agent start_id="721" goal_id="3987"/>
   <agent start_id="5219" goal_id="5721"/>
   <agent start_id="848" goal_id="4114"/>
   <agent start_id="2226" goal_id="2728"/>
   <agent start_id="2951" goal_id="8562"/>
   <agent start_id="4117" goal_id="7383"/>
   <agent start_id="6856" goal_id="10122"/>
   <agent start_id="7489" goal_id="10755"/>
   <agent start_id="9755" goal_id="2937"/>
   <agent start_id="10566" goal_id="11069"/>
   <agent start_id="10993" goal_id="2916"/>
   <agent start_id="6376" goal_id="9642"/>
   <agent start_id="1962" goal_id="2464"/>
   <agent start_id="6034" goal_id="9299"/>
   <agent start_id="8271" goal_id="195"/>
   <agent start_id="6811" goal_id="7314"/>
   <agent start_id="6292" goal_id="9557"/>
   <agent start_id="9537" goal_id="2719"/>
   <agent start_id="8436" goal_id="5938"/>
   <agent start_id="5203" goal_id="8469"/>
   <agent start_id="3035" goal_id="8975"/>
   <agent start_id="5710" goal_id="6087"/>
   <agent start_id="9102" goal_id="2283"/>
   <agent start_id="1829" goal_id="5095"/>
   <agent start_id="11309" goal_id="470"/>
   <agent start_id="284" goal_id="3549"/>
   <agent start_id="542" goal_id="3807"/>
   <agent start_id="6639" goal_id="9904"/>
   <agent start_id="3703" goal_id="4206"/>
   <agent start_id="6618" goal_id="9884"/>
   <agent start_id="7251" goal_id="433"/>
   <agent start_id="7509" goal_id="10775"/>
   <agent start_id="8142" goal_id="66"/>
   <agent start_id="2366" goal_id="2869"/>
   <agent start_id="9596" goal_id="9428"/>
   <agent start_id="9398" goal_id="3667"/>
   <agent start_id="2809" goal_id="6074"/>
   <agent start_id="3315" goal_id="6580"/>
   <agent start_id="1577" goal_id="2079"/>
   <agent start_id="7687" goal_id="868"/>
   <agent start_id="6965" goal_id="4930"/>
   <agent start_id="4427" goal_id="10478"/>
   <agent start_id="1169" goal_id="4435"/>
   <agent start_id="6279" goal_id="6782"/>
   <agent start_id="1392" goal_id="4658"/>
   <agent start_id="197" goal_id="700"/>
   <agent start_id="8123" goal_id="3651"/>
   <agent start_id="10316" goal_id="2240"/>
   <agent start_id="2450" goal_id="9408"/>
   <agent start_id="1283" goal_id="2952"/>
   <agent start_id="1937" goal_id="5202"/>
   <agent start_id="302" goal_id="804"/>
   <agent start_id="741" goal_id="4007"/>
   <agent start_id="1374" goal_id="4640"/>
   <agent start_id="953" goal_id="1456"/>
   <agent start_id="10084" goal_id="2007"/>
   <agent start_id="11190" goal_id="3114"/>
   <agent start_id="1739" goal_id="5005"/>
   <agent start_id="921" goal_id="11101"/>
   <agent start_id="8402" goal_id="8904"/>
   <agent start_id="157" goal_id="5769"/>
   <agent start_id="5836" goal_id="9102"/>
   <agent start_id="10200" goal_id="10703"/>
   <agent start_id="5182" goal_id="8447"/>
   <agent start_id="10266" goal_id="10769"/>
   <agent start_id="5401" goal_id="8666"/>
   <agent start_id="3977" goal_id="7242"/>
   <agent start_id="9557" goal_id="1481"/>
   <agent start_id="1858" goal_id="2360"/>
   <agent start_id="4547" goal_id="9190"/>
   <agent start_id="3351" goal_id="6617"/>
   <agent start_id="2650" goal_id="3152"/>
   <agent start_id="5709" goal_id="4745"/>
   <agent start_id="4242" goal_id="6965"/>
   <agent start_id="8580" goal_id="503"/>
   <agent start_id="6600" goal_id="9866"/>
   <agent start_id="6074" goal_id="9339"/>
   <agent start_id="7567" goal_id="8070"/>
   <agent start_id="6707" goal_id="9972"/>
   <agent start_id="3772" goal_id="4440"/>
   <agent start_id="10863" goal_id="2787"/>
   <agent start_id="11320" goal_id="481"/>
   <agent start_id="6689" goal_id="958"/>
   <agent start_id="10775" goal_id="2698"/>
   <agent start_id="955" goal_id="1458"/>
   <agent start_id="17" goal_id="1698"/>
   <agent start_id="3243" goal_id="6508"/>
   <agent start_id="2045" goal_id="2548"/>
   <agent start_id="11319" goal_id="3243"/>
   <agent start_id="10319" goal_id="7631"/>
   <agent start_id="7129" goal_id="5448"/>
   <agent start_id="2364" goal_id="5629"/>
   <agent start_id="7157" goal_id="7852"/>
   <agent start_id="6491" goal_id="9757"/>
   <agent start_id="4965" goal_id="8231"/>
   <agent start_id="4766" goal_id="5268"/>
   <agent start_id="759" goal_id="4025"/>
   <agent start_id="10122" goal_id="2045"/>
   <agent start_id="11105" goal_id="266"/>
   <agent start_id="3463" goal_id="6728"/>
   <agent start_id="9479" goal_id="2936"/>
   <agent start_id="7400" goal_id="10666"/>
   <agent start_id="6373" goal_id="857"/>
   <agent start_id="6400" goal_id="9666"/>
   <agent start_id="6054" goal_id="9319"/>
   <agent start_id="195" goal_id="3460"/>
   <agent start_id="6291" goal_id="5288"/>
   <agent start_id="2869" goal_id="1343"/>
   <agent start_id="9210" goal_id="2392"/>
   <agent start_id="10101" goal_id="2025"/>
   <agent start_id="2701" goal_id="3204"/>
   <agent start_id="2117" goal_id="5383"/>
   <agent start_id="9744" goal_id="2926"/>
   <agent start_id="3849" goal_id="4351"/>
   <agent start_id="10992" goal_id="8102"/>
   <agent start_id="9992" goal_id="1916"/>
   <agent start_id="6661" goal_id="7163"/>
   <agent start_id="2680" goal_id="5946"/>
   <agent start_id="5599" goal_id="8865"/>
   <agent start_id="149" goal_id="651"/>
   <agent start_id="4638" goal_id="7904"/>
   <agent start_id="5556" goal_id="6058"/>
   <agent start_id="2065" goal_id="5331"/>
   <agent start_id="10301" goal_id="2225"/>
   <agent start_id="7921" goal_id="8423"/>
   <agent start_id="850" goal_id="4115"/>
   <agent start_id="9233" goal_id="1156"/>
   <agent start_id="1205" goal_id="1707"/>
   <agent start_id="630" goal_id="3895"/>
   <agent start_id="5610" goal_id="8876"/>
   <agent start_id="5727" goal_id="8992"/>
   <agent start_id="7618" goal_id="10883"/>
   <agent start_id="1675" goal_id="2178"/>
   <agent start_id="9883" goal_id="1807"/>
   <agent start_id="7966" goal_id="8468"/>
   <agent start_id="9142" goal_id="1065"/>
   <agent start_id="9445" goal_id="9948"/>
   <agent start_id="8795" goal_id="718"/>
   <agent start_id="977" goal_id="6908"/>
   <agent start_id="6405" goal_id="6013"/>
   <agent start_id="1497" goal_id="4763"/>
   <agent start_id="9666" goal_id="1589"/>
   <agent start_id="6193" goal_id="6695"/>
   <agent start_id="9538" goal_id="1461"/>
   <agent start_id="1122" goal_id="1624"/>
   <agent start_id="3113" goal_id="6379"/>
   <agent start_id="9230" goal_id="1154"/>
   <agent start_id="47" goal_id="549"/>
   <agent start_id="9995" goal_id="1918"/>
   <agent start_id="8995" goal_id="918"/>
   <agent start_id="5537" goal_id="6039"/>
   <agent start_id="5856" goal_id="9121"/>
   <agent start_id="4856" goal_id="8122"/>
   <agent start_id="5767" goal_id="9033"/>
   <agent start_id="2834" goal_id="3336"/>
   <agent start_id="5400" goal_id="2397"/>
   <agent start_id="1895" goal_id="9347"/>
   <agent start_id="9904" goal_id="1827"/>
   <agent start_id="771" goal_id="1480"/>
   <agent start_id="10444" goal_id="1273"/>
   <agent start_id="2820" goal_id="6086"/>
   <agent start_id="5795" goal_id="6297"/>
   <agent start_id="11081" goal_id="3004"/>
   <agent start_id="5871" goal_id="6374"/>
   <agent start_id="9101" goal_id="182"/>
   <agent start_id="5686" goal_id="3829"/>
   <agent start_id="1789" goal_id="5055"/>
   <agent start_id="9012" goal_id="936"/>
   <agent start_id="2144" goal_id="4637"/>
   <agent start_id="4727" goal_id="7992"/>
   <agent start_id="6497" goal_id="7000"/>
   <agent start_id="2685" goal_id="3187"/>
   <agent start_id="7777" goal_id="959"/>
   <agent start_id="6695" goal_id="7198"/>
   <agent start_id="8688" goal_id="612"/>
   <agent start_id="8668" goal_id="592"/>
   <agent start_id="9448" goal_id="1371"/>
   <agent start_id="5433" goal_id="5935"/>
   <agent start_id="5222" goal_id="8487"/>
   <agent start_id="6420" goal_id="9686"/>
   <agent start_id="9339" goal_id="1263"/>
   <agent start_id="2868" goal_id="3370"/>
   <agent start_id="5327" goal_id="8593"/>
   <agent start_id="1500" goal_id="4766"/>
   <agent start_id="4667" goal_id="5169"/>
   <agent start_id="2879" goal_id="6144"/>
   <agent start_id="4769" goal_id="8035"/>
   <agent start_id="2397" goal_id="2900"/>
   <agent start_id="10774" goal_id="8856"/>
   <agent start_id="1045" goal_id="4310"/>
   <agent start_id="9582" goal_id="10084"/>
   <agent start_id="8774" goal_id="1956"/>
   <agent start_id="819" goal_id="4085"/>
   <agent start_id="6504" goal_id="7006"/>
   <agent start_id="609" goal_id="2681"/>
   <agent start_id="2178" goal_id="2182"/>
   <agent start_id="7853" goal_id="11083"/>
   <agent start_id="8924" goal_id="847"/>
   <agent start_id="4332" goal_id="7597"/>
   <agent start_id="8034" goal_id="8537"/>
   <agent start_id="7347" goal_id="8230"/>
   <agent start_id="2242" goal_id="7849"/>
   <agent start_id="5223" goal_id="8488"/>
   <agent start_id="4876" goal_id="8141"/>
   <agent start_id="7468" goal_id="650"/>
   <agent start_id="6747" goal_id="10012"/>
   <agent start_id="11323" goal_id="4360"/>
   <agent start_id="10090" goal_id="7884"/>
   <agent start_id="7033" goal_id="214"/>
   <agent start_id="9903" goal_id="2534"/>
   <agent start_id="2031" goal_id="7710"/>
   <agent start_id="7924" goal_id="11189"/>
   <agent start_id="5004" goal_id="8269"/>
   <agent start_id="10448" goal_id="2371"/>
   <agent start_id="7885" goal_id="8388"/>
   <agent start_id="4729" goal_id="7994"/>
   <agent start_id="4202" goal_id="7468"/>
   <agent start_id="3590" goal_id="4092"/>
   <agent start_id="9359" goal_id="1283"/>
   <agent start_id="3404" goal_id="3907"/>
   <agent start_id="2919" goal_id="8012"/>
   <agent start_id="8992" goal_id="2174"/>
   <agent start_id="1778" goal_id="2280"/>
   <agent start_id="8548" goal_id="1729"/>
   <agent start_id="6144" goal_id="9409"/>
   <agent start_id="5618" goal_id="8883"/>
   <agent start_id="10984" goal_id="9297"/>
   <agent start_id="9794" goal_id="1718"/>
   <agent start_id="10427" goal_id="2351"/>
   <agent start_id="2649" goal_id="8448"/>
   <agent start_id="5440" goal_id="8706"/>
   <agent start_id="1710" goal_id="2212"/>
   <agent start_id="1525" goal_id="1262"/>
   <agent start_id="4140" goal_id="2027"/>
   <agent start_id="8339" goal_id="1520"/>
   <agent start_id="1153" goal_id="4782"/>
   <agent start_id="4279" goal_id="8523"/>
   <agent start_id="8250" goal_id="174"/>
   <agent start_id="8883" goal_id="2065"/>
   <agent start_id="6440" goal_id="6943"/>
   <agent start_id="10754" goal_id="2677"/>
   <agent start_id="2769" goal_id="6035"/>
   <agent start_id="9261" goal_id="9763"/>
   <agent start_id="6142" goal_id="9407"/>
   <agent start_id="10665" goal_id="2589"/>
   <agent start_id="3187" goal_id="3690"/>
   <agent start_id="8685" goal_id="609"/>
   <agent start_id="333" goal_id="835"/>
   <agent start_id="10429" goal_id="2353"/>
   <agent start_id="6817" goal_id="10083"/>
   <agent start_id="5572" goal_id="8175"/>
   <agent start_id="11189" goal_id="3113"/>
   <agent start_id="4311" goal_id="7577"/>
   <agent start_id="6202" goal_id="9468"/>
   <agent start_id="5855" goal_id="3622"/>
   <agent start_id="6488" goal_id="9754"/>
   <agent start_id="2432" goal_id="2934"/>
   <agent start_id="10012" goal_id="1935"/>
   <agent start_id="8359" goal_id="282"/>
   <agent start_id="2721" goal_id="3224"/>
   <agent start_id="4400" goal_id="7665"/>
   <agent start_id="8270" goal_id="194"/>
   <agent start_id="8903" goal_id="827"/>
   <agent start_id="9834" goal_id="10336"/>
   <agent start_id="1678" goal_id="4944"/>
   <agent start_id="4569" goal_id="7835"/>
   <agent start_id="2615" goal_id="3117"/>
   <agent start_id="5806" goal_id="6308"/>
   <agent start_id="4987" goal_id="8252"/>
   <agent start_id="1767" goal_id="7378"/>
   <agent start_id="8706" goal_id="629"/>
   <agent start_id="9338" goal_id="10469"/>
   <agent start_id="1781" goal_id="184"/>
   <agent start_id="842" goal_id="1344"/>
   <agent start_id="5984" goal_id="9250"/>
   <agent start_id="9078" goal_id="9580"/>
   <agent start_id="9985" goal_id="1908"/>
   <agent start_id="7508" goal_id="10774"/>
   <agent start_id="5825" goal_id="9774"/>
   <agent start_id="5895" goal_id="1423"/>
   <agent start_id="7141" goal_id="323"/>
   <agent start_id="4787" goal_id="8052"/>
   <agent start_id="774" goal_id="1276"/>
   <agent start_id="3221" goal_id="6487"/>
   <agent start_id="9327" goal_id="9829"/>
   <agent start_id="250" goal_id="5861"/>
   <agent start_id="11209" goal_id="3133"/>
   <agent start_id="2274" goal_id="5540"/>
   <agent start_id="8667" goal_id="9170"/>
   <agent start_id="9842" goal_id="3024"/>
   <agent start_id="9141" goal_id="1064"/>
   <agent start_id="2900" goal_id="3403"/>
   <agent start_id="1024" goal_id="4290"/>
   <agent start_id="323" goal_id="3588"/>
   <agent start_id="4663" goal_id="2028"/>
   <agent start_id="5293" goal_id="8558"/>
   <agent start_id="4597" goal_id="9191"/>
   <agent start_id="2644" goal_id="5099"/>
   <agent start_id="6184" goal_id="9450"/>
   <agent start_id="4112" goal_id="10619"/>
   <agent start_id="10117" goal_id="6738"/>
   <agent start_id="5291" goal_id="8556"/>
   <agent start_id="6983" goal_id="7486"/>
   <agent start_id="4380" goal_id="9467"/>
   <agent start_id="7488" goal_id="10753"/>
   <agent start_id="2257" goal_id="11043"/>
   <agent start_id="10541" goal_id="573"/>
   <agent start_id="3373" goal_id="10528"/>
   <agent start_id="5173" goal_id="9536"/>
   <agent start_id="1378" goal_id="1881"/>
   <agent start_id="3767" goal_id="7032"/>
   <agent start_id="3878" goal_id="7143"/>
   <agent start_id="3192" goal_id="3695"/>
   <agent start_id="7233" goal_id="826"/>
   <agent start_id="3638" goal_id="6903"/>
   <agent start_id="9670" goal_id="10172"/>
   <agent start_id="85" goal_id="3350"/>
   <agent start_id="8794" goal_id="5170"/>
   <agent start_id="4668" goal_id="1026"/>
   <agent start_id="10211" goal_id="9934"/>
   <agent start_id="9432" goal_id="87"/>
   <agent start_id="7579" goal_id="10844"/>
   <agent start_id="6073" goal_id="9338"/>
   <agent start_id="4093" goal_id="7359"/>
   <agent start_id="7165" goal_id="7667"/>
   <agent start_id="6964" goal_id="10229"/>
   <agent start_id="5637" goal_id="8903"/>
   <agent start_id="4637" goal_id="7903"/>
   <agent start_id="4414" goal_id="4917"/>
   <agent start_id="2343" goal_id="2047"/>
   <agent start_id="3224" goal_id="3727"/>
   <agent start_id="1517" goal_id="3978"/>
   <agent start_id="3476" goal_id="1608"/>
   <agent start_id="9685" goal_id="687"/>
   <agent start_id="4440" goal_id="7705"/>
   <agent start_id="7827" goal_id="11092"/>
   <agent start_id="6939" goal_id="7441"/>
   <agent start_id="5331" goal_id="8596"/>
   <agent start_id="9117" goal_id="1041"/>
   <agent start_id="10124" goal_id="10626"/>
   <agent start_id="1391" goal_id="4656"/>
   <agent start_id="5875" goal_id="9141"/>
   <agent start_id="1055" goal_id="1558"/>
   <agent start_id="10641" goal_id="2565"/>
   <agent start_id="9764" goal_id="322"/>
   <agent start_id="4133" goal_id="7399"/>
   <agent start_id="8323" goal_id="8825"/>
   <agent start_id="7635" goal_id="8032"/>
   <agent start_id="5399" goal_id="8665"/>
   <agent start_id="10556" goal_id="2479"/>
   <agent start_id="8576" goal_id="500"/>
   <agent start_id="3908" goal_id="4410"/>
   <agent start_id="1737" goal_id="5003"/>
   <agent start_id="8814" goal_id="738"/>
   <agent start_id="3946" goal_id="4064"/>
   <agent start_id="9100" goal_id="1024"/>
   <agent start_id="6814" goal_id="10080"/>
   <agent start_id="2069" goal_id="2571"/>
   <agent start_id="10338" goal_id="2261"/>
   <agent start_id="1066" goal_id="4332"/>
   <agent start_id="4732" goal_id="5234"/>
   <agent start_id="1173" goal_id="4439"/>
   <agent start_id="2898" goal_id="6163"/>
   <agent start_id="10017" goal_id="10520"/>
   <agent start_id="6831" goal_id="10097"/>
   <agent start_id="2658" goal_id="5923"/>
   <agent start_id="5153" goal_id="5656"/>
   <agent start_id="84" goal_id="3759"/>
   <agent start_id="8932" goal_id="9300"/>
   <agent start_id="1944" goal_id="9434"/>
   <agent start_id="9715" goal_id="7333"/>
   <agent start_id="6599" goal_id="9864"/>
   <agent start_id="3725" goal_id="4227"/>
   <agent start_id="5502" goal_id="8358"/>
   <agent start_id="5072" goal_id="8338"/>
   <agent start_id="10229" goal_id="2153"/>
   <agent start_id="5963" goal_id="9229"/>
   <agent start_id="5617" goal_id="8882"/>
   <agent start_id="2250" goal_id="2752"/>
   <agent start_id="2585" goal_id="5850"/>
   <agent start_id="9120" goal_id="1044"/>
   <agent start_id="4048" goal_id="4551"/>
   <agent start_id="3875" goal_id="7141"/>
   <agent start_id="3104" goal_id="6370"/>
   <agent start_id="8032" goal_id="11297"/>
   <agent start_id="9651" goal_id="10154"/>
</root>