<?xml version="1.0" ?>
<root>
   <agent start_id="8145" goal_id="68"/>
   <agent start_id="6818" goal_id="0"/>
   <agent start_id="9452" goal_id="9954"/>
   <agent start_id="3333" goal_id="6598"/>
   <agent start_id="4244" goal_id="7509"/>
   <agent start_id="505" goal_id="1007"/>
   <agent start_id="6383" goal_id="9648"/>
   <agent start_id="9580" goal_id="1503"/>
   <agent start_id="3769" goal_id="7035"/>
   <agent start_id="9439" goal_id="9942"/>
   <agent start_id="3462" goal_id="6727"/>
   <agent start_id="582" goal_id="1084"/>
   <agent start_id="3115" goal_id="6380"/>
   <agent start_id="3046" goal_id="6312"/>
   <agent start_id="3543" goal_id="4045"/>
   <agent start_id="2700" goal_id="5965"/>
   <agent start_id="2353" goal_id="5618"/>
   <agent start_id="8420" goal_id="8922"/>
   <agent start_id="2284" goal_id="5550"/>
   <agent start_id="5076" goal_id="8342"/>
   <agent start_id="3779" goal_id="4281"/>
   <agent start_id="1591" goal_id="4856"/>
   <agent start_id="7519" goal_id="8022"/>
   <agent start_id="3482" goal_id="6747"/>
   <agent start_id="4641" goal_id="7906"/>
   <agent start_id="7717" goal_id="8220"/>
   <agent start_id="1155" goal_id="4421"/>
   <agent start_id="2720" goal_id="5985"/>
   <agent start_id="7189" goal_id="7692"/>
   <agent start_id="2373" goal_id="5639"/>
   <agent start_id="1373" goal_id="4639"/>
   <agent start_id="2389" goal_id="2891"/>
   <agent start_id="1305" goal_id="4570"/>
   <agent start_id="7954" goal_id="8456"/>
   <agent start_id="958" goal_id="4223"/>
   <agent start_id="5008" goal_id="8273"/>
   <agent start_id="6487" goal_id="6989"/>
   <agent start_id="2502" goal_id="5768"/>
   <agent start_id="522" goal_id="3788"/>
   <agent start_id="9288" goal_id="9791"/>
   <agent start_id="829" goal_id="4094"/>
   <agent start_id="1087" goal_id="4352"/>
   <agent start_id="2823" goal_id="3326"/>
   <agent start_id="11102" goal_id="3026"/>
   <agent start_id="8388" goal_id="8890"/>
   <agent start_id="9649" goal_id="2831"/>
   <agent start_id="325" goal_id="3590"/>
   <agent start_id="3181" goal_id="3683"/>
   <agent start_id="1611" goal_id="4876"/>
   <agent start_id="9994" goal_id="1917"/>
   <agent start_id="4884" goal_id="5386"/>
   <agent start_id="10778" goal_id="2702"/>
   <agent start_id="8799" goal_id="722"/>
   <agent start_id="2664" goal_id="3166"/>
   <agent start_id="10211" goal_id="2135"/>
   <agent start_id="9211" goal_id="2393"/>
   <agent start_id="6219" goal_id="6721"/>
   <agent start_id="10123" goal_id="2046"/>
   <agent start_id="3615" goal_id="4118"/>
   <agent start_id="9776" goal_id="1699"/>
   <agent start_id="9429" goal_id="2611"/>
   <agent start_id="8492" goal_id="8995"/>
   <agent start_id="10340" goal_id="2264"/>
   <agent start_id="2027" goal_id="2530"/>
   <agent start_id="1099" goal_id="6711"/>
   <agent start_id="8667" goal_id="1849"/>
   <agent start_id="7592" goal_id="8094"/>
   <agent start_id="8925" goal_id="849"/>
   <agent start_id="8578" goal_id="502"/>
   <agent start_id="4050" goal_id="4552"/>
   <agent start_id="307" goal_id="3572"/>
   <agent start_id="9796" goal_id="1720"/>
   <agent start_id="6004" goal_id="6506"/>
   <agent start_id="8470" goal_id="393"/>
   <agent start_id="1484" goal_id="1987"/>
   <agent start_id="8123" goal_id="1304"/>
   <agent start_id="8381" goal_id="305"/>
   <agent start_id="8026" goal_id="8529"/>
   <agent start_id="7907" goal_id="1089"/>
   <agent start_id="8341" goal_id="1522"/>
   <agent start_id="11238" goal_id="399"/>
   <agent start_id="7619" goal_id="10885"/>
   <agent start_id="9758" goal_id="2939"/>
   <agent start_id="9927" goal_id="346"/>
   <agent start_id="960" goal_id="4225"/>
   <agent start_id="7575" goal_id="8077"/>
   <agent start_id="8363" goal_id="287"/>
   <agent start_id="8996" goal_id="2177"/>
   <agent start_id="10285" goal_id="10787"/>
   <agent start_id="9907" goal_id="1831"/>
   <agent start_id="9560" goal_id="1484"/>
   <agent start_id="3820" goal_id="4322"/>
   <agent start_id="8234" goal_id="1415"/>
   <agent start_id="9384" goal_id="9887"/>
   <agent start_id="8446" goal_id="416"/>
   <agent start_id="8798" goal_id="3422"/>
   <agent start_id="2919" goal_id="7793"/>
   <agent start_id="6819" goal_id="567"/>
   <agent start_id="8710" goal_id="633"/>
   <agent start_id="10719" goal_id="11222"/>
   <agent start_id="7383" goal_id="10649"/>
   <agent start_id="4942" goal_id="5444"/>
   <agent start_id="7036" goal_id="218"/>
   <agent start_id="10560" goal_id="2484"/>
   <agent start_id="1902" goal_id="2404"/>
   <agent start_id="7601" goal_id="10866"/>
   <agent start_id="6601" goal_id="9867"/>
   <agent start_id="6277" goal_id="6779"/>
   <agent start_id="7512" goal_id="10778"/>
   <agent start_id="3022" goal_id="6288"/>
   <agent start_id="938" goal_id="1440"/>
   <agent start_id="9084" goal_id="2266"/>
   <agent start_id="1589" goal_id="2091"/>
   <agent start_id="1378" goal_id="4644"/>
   <agent start_id="8016" goal_id="11282"/>
   <agent start_id="6215" goal_id="6717"/>
   <agent start_id="310" goal_id="3576"/>
   <agent start_id="1070" goal_id="4335"/>
   <agent start_id="6913" goal_id="7416"/>
   <agent start_id="1249" goal_id="4515"/>
   <agent start_id="5883" goal_id="6385"/>
   <agent start_id="9106" goal_id="1029"/>
   <agent start_id="181" goal_id="3447"/>
   <agent start_id="10509" goal_id="11011"/>
   <agent start_id="11176" goal_id="3100"/>
   <agent start_id="6145" goal_id="9411"/>
   <agent start_id="1811" goal_id="2313"/>
   <agent start_id="10108" goal_id="2031"/>
   <agent start_id="1189" goal_id="1691"/>
   <agent start_id="6057" goal_id="9322"/>
   <agent start_id="8343" goal_id="1524"/>
   <agent start_id="612" goal_id="3877"/>
   <agent start_id="3443" goal_id="3946"/>
   <agent start_id="923" goal_id="4188"/>
   <agent start_id="5295" goal_id="8560"/>
   <agent start_id="3892" goal_id="4395"/>
   <agent start_id="10665" goal_id="2589"/>
   <agent start_id="2228" goal_id="2730"/>
   <agent start_id="3880" goal_id="7145"/>
   <agent start_id="9523" goal_id="2705"/>
   <agent start_id="4516" goal_id="5019"/>
   <agent start_id="6077" goal_id="9342"/>
   <agent start_id="5097" goal_id="8363"/>
   <agent start_id="7869" goal_id="8371"/>
   <agent start_id="9214" goal_id="1138"/>
   <agent start_id="8366" goal_id="290"/>
   <agent start_id="5600" goal_id="6102"/>
   <agent start_id="8146" goal_id="70"/>
   <agent start_id="9842" goal_id="261"/>
   <agent start_id="1303" goal_id="4569"/>
   <agent start_id="5533" goal_id="8798"/>
   <agent start_id="5891" goal_id="6394"/>
   <agent start_id="8237" goal_id="161"/>
   <agent start_id="4012" goal_id="4514"/>
   <agent start_id="3206" goal_id="6472"/>
   <agent start_id="8801" goal_id="725"/>
   <agent start_id="8889" goal_id="9391"/>
   <agent start_id="4770" goal_id="8036"/>
   <agent start_id="8108" goal_id="1289"/>
   <agent start_id="3682" goal_id="4184"/>
   <agent start_id="3702" goal_id="6968"/>
   <agent start_id="3988" goal_id="7254"/>
   <agent start_id="6326" goal_id="6828"/>
   <agent start_id="7346" goal_id="527"/>
   <agent start_id="2781" goal_id="3284"/>
   <agent start_id="8106" goal_id="1287"/>
   <agent start_id="6278" goal_id="9543"/>
   <agent start_id="2247" goal_id="5512"/>
   <agent start_id="8776" goal_id="9279"/>
   <agent start_id="5419" goal_id="1525"/>
   <agent start_id="2158" goal_id="5736"/>
   <agent start_id="5234" goal_id="8300"/>
   <agent start_id="7781" goal_id="963"/>
   <agent start_id="3355" goal_id="6621"/>
   <agent start_id="2899" goal_id="3401"/>
   <agent start_id="7366" goal_id="10632"/>
   <agent start_id="9032" goal_id="9534"/>
   <agent start_id="5513" goal_id="8779"/>
   <agent start_id="5645" goal_id="8910"/>
   <agent start_id="5238" goal_id="5741"/>
   <agent start_id="2281" goal_id="5547"/>
   <agent start_id="6728" goal_id="7231"/>
   <agent start_id="1247" goal_id="4512"/>
   <agent start_id="4883" goal_id="8148"/>
   <agent start_id="199" goal_id="3464"/>
   <agent start_id="8629" goal_id="9132"/>
   <agent start_id="6924" goal_id="105"/>
   <agent start_id="9132" goal_id="9634"/>
   <agent start_id="1396" goal_id="6796"/>
   <agent start_id="279" goal_id="3545"/>
   <agent start_id="25" goal_id="2781"/>
   <agent start_id="49" goal_id="3315"/>
   <agent start_id="4338" goal_id="7604"/>
   <agent start_id="5711" goal_id="6213"/>
   <agent start_id="10976" goal_id="2900"/>
   <agent start_id="10649" goal_id="2573"/>
   <agent start_id="6141" goal_id="6643"/>
   <agent start_id="2772" goal_id="6037"/>
   <agent start_id="6411" goal_id="6914"/>
   <agent start_id="4209" goal_id="7475"/>
   <agent start_id="9867" goal_id="1791"/>
   <agent start_id="951" goal_id="1453"/>
   <agent start_id="3141" goal_id="6406"/>
   <agent start_id="3901" goal_id="7166"/>
   <agent start_id="4823" goal_id="5326"/>
   <agent start_id="1794" goal_id="5060"/>
   <agent start_id="8452" goal_id="1634"/>
   <agent start_id="9498" goal_id="10000"/>
   <agent start_id="1506" goal_id="4771"/>
   <agent start_id="7023" goal_id="5432"/>
   <agent start_id="1685" goal_id="4951"/>
   <agent start_id="8670" goal_id="1851"/>
   <agent start_id="429" goal_id="932"/>
   <agent start_id="3264" goal_id="6530"/>
   <agent start_id="9436" goal_id="9939"/>
   <agent start_id="1258" goal_id="6870"/>
   <agent start_id="2814" goal_id="6080"/>
   <agent start_id="1053" goal_id="1556"/>
   <agent start_id="8472" goal_id="396"/>
   <agent start_id="488" goal_id="6181"/>
   <agent start_id="5679" goal_id="367"/>
   <agent start_id="8758" goal_id="1940"/>
   <agent start_id="6365" goal_id="9630"/>
   <agent start_id="6565" goal_id="7067"/>
   <agent start_id="7690" goal_id="10956"/>
   <agent start_id="964" goal_id="4229"/>
   <agent start_id="7014" goal_id="7516"/>
   <agent start_id="4356" goal_id="7622"/>
   <agent start_id="7928" goal_id="11194"/>
   <agent start_id="5779" goal_id="6282"/>
   <agent start_id="9194" goal_id="2375"/>
   <agent start_id="11197" goal_id="3121"/>
   <agent start_id="3510" goal_id="4012"/>
   <agent start_id="3008" goal_id="3510"/>
   <agent start_id="5596" goal_id="11207"/>
   <agent start_id="2052" goal_id="5318"/>
   <agent start_id="10323" goal_id="2246"/>
   <agent start_id="7633" goal_id="8136"/>
   <agent start_id="3465" goal_id="6731"/>
   <agent start_id="5731" goal_id="8996"/>
   <agent start_id="7878" goal_id="8381"/>
   <agent start_id="8215" goal_id="1397"/>
   <agent start_id="6233" goal_id="6735"/>
   <agent start_id="11286" goal_id="3209"/>
   <agent start_id="8214" goal_id="1396"/>
   <agent start_id="3191" goal_id="3693"/>
   <agent start_id="10870" goal_id="2794"/>
   <agent start_id="7157" goal_id="7659"/>
   <agent start_id="9997" goal_id="1921"/>
   <agent start_id="9524" goal_id="2859"/>
   <agent start_id="2356" goal_id="8038"/>
   <agent start_id="7384" goal_id="9615"/>
   <agent start_id="4771" goal_id="8037"/>
   <agent start_id="870" goal_id="1373"/>
   <agent start_id="4404" goal_id="7670"/>
   <agent start_id="4682" goal_id="7948"/>
   <agent start_id="6614" goal_id="9173"/>
   <agent start_id="4969" goal_id="8234"/>
   <agent start_id="8938" goal_id="9441"/>
   <agent start_id="8326" goal_id="1508"/>
   <agent start_id="4900" goal_id="8166"/>
   <agent start_id="9686" goal_id="104"/>
   <agent start_id="8038" goal_id="11303"/>
   <agent start_id="3227" goal_id="6493"/>
   <agent start_id="3120" goal_id="1807"/>
   <agent start_id="5659" goal_id="8924"/>
   <agent start_id="3791" goal_id="7057"/>
   <agent start_id="6182" goal_id="6684"/>
   <agent start_id="5710" goal_id="8976"/>
   <agent start_id="7959" goal_id="8462"/>
   <agent start_id="7714" goal_id="10979"/>
   <agent start_id="10453" goal_id="2376"/>
   <agent start_id="7702" goal_id="8204"/>
   <agent start_id="7473" goal_id="10739"/>
   <agent start_id="7931" goal_id="11197"/>
   <agent start_id="4521" goal_id="5024"/>
   <agent start_id="6078" goal_id="9344"/>
   <agent start_id="8513" goal_id="9015"/>
   <agent start_id="9850" goal_id="3032"/>
   <agent start_id="2812" goal_id="6077"/>
   <agent start_id="6227" goal_id="6729"/>
   <agent start_id="6169" goal_id="9435"/>
   <agent start_id="1465" goal_id="4731"/>
   <agent start_id="1426" goal_id="1929"/>
   <agent start_id="7713" goal_id="9977"/>
   <agent start_id="9475" goal_id="6637"/>
   <agent start_id="9146" goal_id="1070"/>
   <agent start_id="8147" goal_id="7738"/>
   <agent start_id="1961" goal_id="5227"/>
   <agent start_id="7050" goal_id="7553"/>
   <agent start_id="9079" goal_id="8778"/>
   <agent start_id="651" goal_id="9582"/>
   <agent start_id="10650" goal_id="2574"/>
   <agent start_id="1199" goal_id="4465"/>
   <agent start_id="7408" goal_id="7910"/>
   <agent start_id="506" goal_id="3771"/>
   <agent start_id="5760" goal_id="6263"/>
   <agent start_id="5496" goal_id="8761"/>
   <agent start_id="4623" goal_id="7888"/>
   <agent start_id="9633" goal_id="10135"/>
   <agent start_id="4428" goal_id="7693"/>
   <agent start_id="2009" goal_id="5275"/>
   <agent start_id="4424" goal_id="4926"/>
   <agent start_id="4339" goal_id="7605"/>
   <agent start_id="7946" goal_id="11211"/>
   <agent start_id="5861" goal_id="2467"/>
   <agent start_id="9646" goal_id="2827"/>
   <agent start_id="872" goal_id="4138"/>
   <agent start_id="9797" goal_id="215"/>
   <agent start_id="4990" goal_id="8255"/>
   <agent start_id="7680" goal_id="861"/>
   <agent start_id="4737" goal_id="5239"/>
   <agent start_id="2663" goal_id="2188"/>
   <agent start_id="1686" goal_id="1707"/>
   <agent start_id="4101" goal_id="7367"/>
   <agent start_id="4208" goal_id="7473"/>
   <agent start_id="8479" goal_id="8981"/>
   <agent start_id="3033" goal_id="6298"/>
   <agent start_id="9691" goal_id="1614"/>
   <agent start_id="8315" goal_id="8817"/>
   <agent start_id="8691" goal_id="614"/>
   <agent start_id="7376" goal_id="7879"/>
   <agent start_id="3138" goal_id="6404"/>
   <agent start_id="5990" goal_id="9255"/>
   <agent start_id="409" goal_id="911"/>
   <agent start_id="398" goal_id="3663"/>
   <agent start_id="4448" goal_id="7713"/>
   <agent start_id="10486" goal_id="10989"/>
   <agent start_id="8473" goal_id="397"/>
   <agent start_id="9126" goal_id="1050"/>
   <agent start_id="7800" goal_id="981"/>
   <agent start_id="6146" goal_id="6648"/>
   <agent start_id="8058" goal_id="11323"/>
   <agent start_id="868" goal_id="4133"/>
   <agent start_id="8630" goal_id="9133"/>
   <agent start_id="7997" goal_id="1179"/>
   <agent start_id="2872" goal_id="3374"/>
   <agent start_id="291" goal_id="3557"/>
   <agent start_id="8562" goal_id="485"/>
   <agent start_id="7749" goal_id="8251"/>
   <agent start_id="6602" goal_id="9868"/>
   <agent start_id="10710" goal_id="11212"/>
   <agent start_id="3648" goal_id="9259"/>
   <agent start_id="7167" goal_id="10432"/>
   <agent start_id="2719" goal_id="3221"/>
   <agent start_id="10753" goal_id="2677"/>
   <agent start_id="6751" goal_id="10017"/>
   <agent start_id="5680" goal_id="6182"/>
   <agent start_id="10216" goal_id="2139"/>
   <agent start_id="311" goal_id="3577"/>
   <agent start_id="10706" goal_id="4164"/>
   <agent start_id="8255" goal_id="179"/>
   <agent start_id="4343" goal_id="4845"/>
   <agent start_id="7255" goal_id="437"/>
   <agent start_id="5554" goal_id="8820"/>
   <agent start_id="8718" goal_id="9220"/>
   <agent start_id="6703" goal_id="9969"/>
   <agent start_id="6830" goal_id="7332"/>
   <agent start_id="7692" goal_id="10957"/>
   <agent start_id="8384" goal_id="308"/>
   <agent start_id="3074" goal_id="1222"/>
   <agent start_id="6058" goal_id="1678"/>
   <agent start_id="8436" goal_id="1617"/>
   <agent start_id="7057" goal_id="8821"/>
   <agent start_id="5801" goal_id="6304"/>
   <agent start_id="9000" goal_id="924"/>
   <agent start_id="592" goal_id="1095"/>
   <agent start_id="8653" goal_id="1835"/>
   <agent start_id="8073" goal_id="8575"/>
   <agent start_id="6840" goal_id="10106"/>
   <agent start_id="8565" goal_id="488"/>
   <agent start_id="4531" goal_id="5033"/>
   <agent start_id="10977" goal_id="2901"/>
   <agent start_id="7426" goal_id="7928"/>
   <agent start_id="11294" goal_id="5563"/>
   <agent start_id="8782" goal_id="706"/>
   <agent start_id="7583" goal_id="10848"/>
   <agent start_id="9131" goal_id="9633"/>
   <agent start_id="9347" goal_id="1270"/>
   <agent start_id="339" goal_id="841"/>
   <agent start_id="3663" goal_id="6929"/>
   <agent start_id="7674" goal_id="855"/>
   <agent start_id="3300" goal_id="3803"/>
   <agent start_id="3594" goal_id="6860"/>
   <agent start_id="7106" goal_id="7609"/>
   <agent start_id="10138" goal_id="4408"/>
   <agent start_id="7891" goal_id="1073"/>
   <agent start_id="4316" goal_id="4818"/>
   <agent start_id="7018" goal_id="200"/>
   <agent start_id="7668" goal_id="8171"/>
   <agent start_id="10134" goal_id="4404"/>
   <agent start_id="2119" goal_id="5384"/>
   <agent start_id="3734" goal_id="10653"/>
   <agent start_id="8107" goal_id="4237"/>
   <agent start_id="2357" goal_id="5622"/>
   <agent start_id="8982" goal_id="9484"/>
   <agent start_id="5061" goal_id="8327"/>
   <agent start_id="3921" goal_id="7187"/>
   <agent start_id="9980" goal_id="10483"/>
   <agent start_id="8385" goal_id="309"/>
   <agent start_id="5406" goal_id="8671"/>
   <agent start_id="7759" goal_id="6640"/>
   <agent start_id="6190" goal_id="9456"/>
   <agent start_id="4425" goal_id="7690"/>
   <agent start_id="2438" goal_id="2940"/>
   <agent start_id="4517" goal_id="7782"/>
   <agent start_id="9733" goal_id="10236"/>
   <agent start_id="1724" goal_id="4989"/>
   <agent start_id="6714" goal_id="9980"/>
   <agent start_id="4774" goal_id="8039"/>
   <agent start_id="4427" goal_id="6255"/>
   <agent start_id="7279" goal_id="10544"/>
   <agent start_id="8397" goal_id="8899"/>
   <agent start_id="3793" goal_id="7059"/>
   <agent start_id="3973" goal_id="7238"/>
   <agent start_id="11106" goal_id="267"/>
   <agent start_id="3139" goal_id="2436"/>
   <agent start_id="4537" goal_id="7803"/>
   <agent start_id="1179" goal_id="5144"/>
   <agent start_id="9542" goal_id="1466"/>
   <agent start_id="3134" goal_id="3637"/>
   <agent start_id="9215" goal_id="2397"/>
   <agent start_id="1377" goal_id="4642"/>
   <agent start_id="94" goal_id="597"/>
   <agent start_id="2030" goal_id="5296"/>
   <agent start_id="6167" goal_id="9433"/>
   <agent start_id="6591" goal_id="7094"/>
   <agent start_id="8620" goal_id="9123"/>
   <agent start_id="2340" goal_id="5605"/>
   <agent start_id="6741" goal_id="7243"/>
   <agent start_id="2120" goal_id="5385"/>
   <agent start_id="899" goal_id="1402"/>
   <agent start_id="3557" goal_id="6823"/>
   <agent start_id="72" goal_id="3337"/>
   <agent start_id="3609" goal_id="4112"/>
   <agent start_id="2913" goal_id="6179"/>
   <agent start_id="4122" goal_id="7975"/>
   <agent start_id="2363" goal_id="3403"/>
   <agent start_id="816" goal_id="4081"/>
   <agent start_id="8433" goal_id="1615"/>
   <agent start_id="8116" goal_id="8618"/>
   <agent start_id="1380" goal_id="4646"/>
   <agent start_id="11075" goal_id="235"/>
   <agent start_id="507" goal_id="3773"/>
   <agent start_id="1291" goal_id="4557"/>
   <agent start_id="7532" goal_id="8035"/>
   <agent start_id="8603" goal_id="526"/>
   <agent start_id="8256" goal_id="6800"/>
   <agent start_id="6298" goal_id="7358"/>
   <agent start_id="8542" goal_id="1724"/>
   <agent start_id="9800" goal_id="1723"/>
   <agent start_id="1749" goal_id="2251"/>
   <agent start_id="4555" goal_id="7820"/>
   <agent start_id="747" goal_id="4013"/>
   <agent start_id="8906" goal_id="9408"/>
   <agent start_id="9018" goal_id="941"/>
   <agent start_id="7901" goal_id="8403"/>
   <agent start_id="7058" goal_id="10324"/>
   <agent start_id="10611" goal_id="8977"/>
   <agent start_id="6113" goal_id="11113"/>
   <agent start_id="10327" goal_id="7569"/>
   <agent start_id="6276" goal_id="9542"/>
   <agent start_id="4146" goal_id="4648"/>
   <agent start_id="9634" goal_id="2815"/>
   <agent start_id="10670" goal_id="2917"/>
   <agent start_id="1228" goal_id="11173"/>
   <agent start_id="616" goal_id="3881"/>
   <agent start_id="7147" goal_id="328"/>
   <agent start_id="10021" goal_id="10524"/>
   <agent start_id="205" goal_id="615"/>
   <agent start_id="2602" goal_id="708"/>
   <agent start_id="5836" goal_id="1360"/>
   <agent start_id="4732" goal_id="7998"/>
   <agent start_id="3827" goal_id="3541"/>
   <agent start_id="10980" goal_id="2904"/>
   <agent start_id="1617" goal_id="4882"/>
   <agent start_id="2358" goal_id="2860"/>
   <agent start_id="9307" goal_id="2489"/>
   <agent start_id="983" goal_id="4248"/>
   <agent start_id="7786" goal_id="8288"/>
   <agent start_id="4881" goal_id="8147"/>
   <agent start_id="5820" goal_id="9086"/>
   <agent start_id="6204" goal_id="5868"/>
   <agent start_id="7824" goal_id="11089"/>
   <agent start_id="4752" goal_id="8018"/>
   <agent start_id="10830" goal_id="11333"/>
   <agent start_id="7130" goal_id="312"/>
   <agent start_id="5370" goal_id="5872"/>
   <agent start_id="7237" goal_id="418"/>
   <agent start_id="8674" goal_id="598"/>
   <agent start_id="8040" goal_id="11306"/>
   <agent start_id="11067" goal_id="227"/>
   <agent start_id="7606" goal_id="10871"/>
   <agent start_id="6705" goal_id="7207"/>
   <agent start_id="4534" goal_id="7800"/>
   <agent start_id="6912" goal_id="94"/>
   <agent start_id="240" goal_id="742"/>
   <agent start_id="5713" goal_id="8978"/>
   <agent start_id="7477" goal_id="10742"/>
   <agent start_id="4994" goal_id="5619"/>
</root>