<?xml version="1.0" ?>
<root>
   <agent start_id="1469" goal_id="4735"/>
   <agent start_id="3144" goal_id="3646"/>
   <agent start_id="4667" goal_id="7932"/>
   <agent start_id="3993" goal_id="7259"/>
   <agent start_id="1768" goal_id="2271"/>
   <agent start_id="3646" goal_id="6912"/>
   <agent start_id="2008" goal_id="5274"/>
   <agent start_id="10981" goal_id="2905"/>
   <agent start_id="8127" goal_id="8629"/>
   <agent start_id="6491" goal_id="9757"/>
   <agent start_id="5392" goal_id="5894"/>
   <agent start_id="8981" goal_id="2163"/>
   <agent start_id="11199" goal_id="3122"/>
   <agent start_id="9143" goal_id="9645"/>
   <agent start_id="1143" goal_id="4408"/>
   <agent start_id="6790" goal_id="7293"/>
   <agent start_id="8677" goal_id="601"/>
   <agent start_id="4300" goal_id="7565"/>
   <agent start_id="9545" goal_id="10047"/>
   <agent start_id="7331" goal_id="512"/>
   <agent start_id="2420" goal_id="2922"/>
   <agent start_id="4498" goal_id="7764"/>
   <agent start_id="7554" goal_id="735"/>
   <agent start_id="672" goal_id="1175"/>
   <agent start_id="7875" goal_id="1056"/>
   <agent start_id="9439" goal_id="1363"/>
   <agent start_id="2748" goal_id="3250"/>
   <agent start_id="510" goal_id="3775"/>
   <agent start_id="7514" goal_id="8017"/>
   <agent start_id="4617" goal_id="7883"/>
   <agent start_id="5720" goal_id="6222"/>
   <agent start_id="1926" goal_id="5192"/>
   <agent start_id="6343" goal_id="6846"/>
   <agent start_id="1126" goal_id="4391"/>
   <agent start_id="8437" goal_id="1618"/>
   <agent start_id="3508" goal_id="4010"/>
   <agent start_id="9981" goal_id="1905"/>
   <agent start_id="37" goal_id="3303"/>
   <agent start_id="7742" goal_id="8244"/>
   <agent start_id="7002" goal_id="183"/>
   <agent start_id="11291" goal_id="3214"/>
   <agent start_id="4200" goal_id="4702"/>
   <agent start_id="8491" goal_id="9872"/>
   <agent start_id="9431" goal_id="8994"/>
   <agent start_id="8765" goal_id="688"/>
   <agent start_id="11182" goal_id="3105"/>
   <agent start_id="1635" goal_id="2137"/>
   <agent start_id="9003" goal_id="926"/>
   <agent start_id="9182" goal_id="2364"/>
   <agent start_id="11099" goal_id="259"/>
   <agent start_id="7003" goal_id="184"/>
   <agent start_id="168" goal_id="670"/>
   <agent start_id="9093" goal_id="1017"/>
   <agent start_id="7241" goal_id="10506"/>
   <agent start_id="206" goal_id="709"/>
   <agent start_id="96" goal_id="3361"/>
   <agent start_id="1501" goal_id="7566"/>
   <agent start_id="3688" goal_id="2003"/>
   <agent start_id="5699" goal_id="8964"/>
   <agent start_id="5466" goal_id="5969"/>
   <agent start_id="5191" goal_id="8457"/>
   <agent start_id="2579" goal_id="5845"/>
   <agent start_id="10528" goal_id="4734"/>
   <agent start_id="6804" goal_id="10070"/>
   <agent start_id="5103" goal_id="8368"/>
   <agent start_id="2857" goal_id="3359"/>
   <agent start_id="3430" goal_id="6695"/>
   <agent start_id="5808" goal_id="9073"/>
   <agent start_id="3917" goal_id="4419"/>
   <agent start_id="2688" goal_id="5953"/>
   <agent start_id="7172" goal_id="10438"/>
   <agent start_id="8181" goal_id="8683"/>
   <agent start_id="2233" goal_id="5499"/>
   <agent start_id="4115" goal_id="4617"/>
   <agent start_id="4324" goal_id="7590"/>
   <agent start_id="2471" goal_id="5737"/>
   <agent start_id="5411" goal_id="5914"/>
   <agent start_id="4284" goal_id="7549"/>
   <agent start_id="9615" goal_id="2797"/>
   <agent start_id="6705" goal_id="7208"/>
   <agent start_id="4195" goal_id="7460"/>
   <agent start_id="9916" goal_id="334"/>
   <agent start_id="8654" goal_id="1836"/>
   <agent start_id="7547" goal_id="728"/>
   <agent start_id="10393" goal_id="10895"/>
   <agent start_id="1474" goal_id="4739"/>
   <agent start_id="8438" goal_id="361"/>
   <agent start_id="8766" goal_id="9269"/>
   <agent start_id="7458" goal_id="640"/>
   <agent start_id="2033" goal_id="2535"/>
   <agent start_id="10309" goal_id="2232"/>
   <agent start_id="11054" goal_id="2977"/>
   <agent start_id="3344" goal_id="3847"/>
   <agent start_id="7656" goal_id="837"/>
   <agent start_id="10965" goal_id="2889"/>
   <agent start_id="11144" goal_id="304"/>
   <agent start_id="10745" goal_id="2669"/>
   <agent start_id="4045" goal_id="4547"/>
   <agent start_id="8965" goal_id="2147"/>
   <agent start_id="5192" goal_id="8458"/>
   <agent start_id="3172" goal_id="3674"/>
   <agent start_id="4213" goal_id="7478"/>
   <agent start_id="8003" goal_id="11269"/>
   <agent start_id="290" goal_id="792"/>
   <agent start_id="9441" goal_id="1365"/>
   <agent start_id="9343" goal_id="9846"/>
   <agent start_id="7262" goal_id="10527"/>
   <agent start_id="6462" goal_id="9727"/>
   <agent start_id="5550" goal_id="6052"/>
   <agent start_id="5648" goal_id="8913"/>
   <agent start_id="3342" goal_id="6607"/>
   <agent start_id="4315" goal_id="4817"/>
   <agent start_id="1669" goal_id="4934"/>
   <agent start_id="752" goal_id="1254"/>
   <agent start_id="5958" goal_id="9223"/>
   <agent start_id="1274" goal_id="4539"/>
   <agent start_id="8002" goal_id="8505"/>
   <agent start_id="580" goal_id="3846"/>
   <agent start_id="5522" goal_id="8788"/>
   <agent start_id="9304" goal_id="8151"/>
   <agent start_id="1471" goal_id="4737"/>
   <agent start_id="3849" goal_id="7115"/>
   <agent start_id="10610" goal_id="11112"/>
   <agent start_id="729" goal_id="3995"/>
   <agent start_id="10112" goal_id="2035"/>
   <agent start_id="4285" goal_id="4788"/>
   <agent start_id="1908" goal_id="5173"/>
   <agent start_id="11059" goal_id="219"/>
   <agent start_id="4978" goal_id="9524"/>
   <agent start_id="10656" goal_id="2580"/>
   <agent start_id="56" goal_id="558"/>
   <agent start_id="1472" goal_id="4738"/>
   <agent start_id="3655" goal_id="4158"/>
   <agent start_id="7100" goal_id="5757"/>
   <agent start_id="2797" goal_id="6063"/>
   <agent start_id="2831" goal_id="3334"/>
   <agent start_id="11180" goal_id="3104"/>
   <agent start_id="2056" goal_id="5321"/>
   <agent start_id="954" goal_id="1456"/>
   <agent start_id="6518" goal_id="7021"/>
   <agent start_id="2015" goal_id="5281"/>
   <agent start_id="2908" goal_id="3411"/>
   <agent start_id="2887" goal_id="6153"/>
   <agent start_id="5105" goal_id="8370"/>
   <agent start_id="9452" goal_id="9954"/>
   <agent start_id="1166" goal_id="4431"/>
   <agent start_id="492" goal_id="3758"/>
   <agent start_id="4149" goal_id="4652"/>
   <agent start_id="424" goal_id="3690"/>
   <agent start_id="77" goal_id="3343"/>
   <agent start_id="7110" goal_id="7613"/>
   <agent start_id="10746" goal_id="171"/>
   <agent start_id="9419" goal_id="2601"/>
   <agent start_id="5233" goal_id="5735"/>
   <agent start_id="10984" goal_id="2907"/>
   <agent start_id="11049" goal_id="209"/>
   <agent start_id="9657" goal_id="1581"/>
   <agent start_id="8984" goal_id="2166"/>
   <agent start_id="9171" goal_id="9673"/>
   <agent start_id="8915" goal_id="839"/>
   <agent start_id="8242" goal_id="166"/>
   <agent start_id="7294" goal_id="7796"/>
   <agent start_id="7569" goal_id="750"/>
   <agent start_id="8480" goal_id="404"/>
   <agent start_id="7332" goal_id="7834"/>
   <agent start_id="7154" goal_id="10419"/>
   <agent start_id="2812" goal_id="3315"/>
   <agent start_id="7133" goal_id="315"/>
   <agent start_id="8045" goal_id="11310"/>
   <agent start_id="1186" goal_id="1689"/>
   <agent start_id="3106" goal_id="6371"/>
   <agent start_id="3564" goal_id="6829"/>
   <agent start_id="3000" goal_id="3502"/>
   <agent start_id="1145" goal_id="4411"/>
   <agent start_id="1564" goal_id="4830"/>
   <agent start_id="1122" goal_id="1625"/>
   <agent start_id="1997" goal_id="5263"/>
   <agent start_id="1802" goal_id="5067"/>
   <agent start_id="2419" goal_id="2921"/>
   <agent start_id="2108" goal_id="5374"/>
   <agent start_id="8235" goal_id="8737"/>
   <agent start_id="1562" goal_id="4827"/>
   <agent start_id="4077" goal_id="4580"/>
   <agent start_id="8590" goal_id="2860"/>
   <agent start_id="7678" goal_id="10943"/>
   <agent start_id="625" goal_id="3890"/>
   <agent start_id="4479" goal_id="4982"/>
   <agent start_id="8856" goal_id="2038"/>
   <agent start_id="6609" goal_id="9875"/>
   <agent start_id="71" goal_id="573"/>
   <agent start_id="10196" goal_id="2119"/>
   <agent start_id="8175" goal_id="8677"/>
   <agent start_id="8133" goal_id="57"/>
   <agent start_id="9531" goal_id="1455"/>
   <agent start_id="1582" goal_id="4847"/>
   <agent start_id="9071" goal_id="9574"/>
   <agent start_id="7045" goal_id="10310"/>
   <agent start_id="9435" goal_id="9938"/>
   <agent start_id="8443" goal_id="366"/>
   <agent start_id="4065" goal_id="4886"/>
   <agent start_id="4384" goal_id="7303"/>
   <agent start_id="7701" goal_id="10967"/>
   <agent start_id="10266" goal_id="10768"/>
   <agent start_id="3830" goal_id="7095"/>
   <agent start_id="8314" goal_id="1495"/>
   <agent start_id="471" goal_id="973"/>
   <agent start_id="6082" goal_id="9347"/>
   <agent start_id="4847" goal_id="8113"/>
   <agent start_id="192" goal_id="695"/>
   <agent start_id="5266" goal_id="8532"/>
   <agent start_id="1493" goal_id="7992"/>
   <agent start_id="7490" goal_id="10636"/>
   <agent start_id="10449" goal_id="7790"/>
   <agent start_id="792" goal_id="10951"/>
   <agent start_id="4957" goal_id="8223"/>
   <agent start_id="7243" goal_id="425"/>
   <agent start_id="2017" goal_id="5283"/>
   <agent start_id="4237" goal_id="1488"/>
   <agent start_id="10420" goal_id="2344"/>
   <agent start_id="2498" goal_id="3000"/>
   <agent start_id="2255" goal_id="5521"/>
   <agent start_id="7392" goal_id="10658"/>
   <agent start_id="3292" goal_id="3794"/>
   <agent start_id="9965" goal_id="1888"/>
   <agent start_id="2912" goal_id="6177"/>
   <agent start_id="5106" goal_id="5608"/>
   <agent start_id="4344" goal_id="7610"/>
   <agent start_id="1039" goal_id="4304"/>
   <agent start_id="11332" goal_id="493"/>
   <agent start_id="1496" goal_id="4762"/>
   <agent start_id="7128" goal_id="7630"/>
   <agent start_id="7808" goal_id="11073"/>
   <agent start_id="476" goal_id="3742"/>
   <agent start_id="7166" goal_id="7669"/>
   <agent start_id="817" goal_id="4083"/>
   <agent start_id="8974" goal_id="9476"/>
   <agent start_id="3414" goal_id="6680"/>
   <agent start_id="8770" goal_id="694"/>
   <agent start_id="8937" goal_id="9440"/>
   <agent start_id="6017" goal_id="7985"/>
   <agent start_id="9661" goal_id="1585"/>
   <agent start_id="7311" goal_id="7813"/>
   <agent start_id="3998" goal_id="7263"/>
   <agent start_id="8115" goal_id="39"/>
   <agent start_id="7034" goal_id="7537"/>
   <agent start_id="9226" goal_id="1150"/>
   <agent start_id="3216" goal_id="6481"/>
   <agent start_id="3239" goal_id="3741"/>
   <agent start_id="4422" goal_id="4925"/>
   <agent start_id="6592" goal_id="9858"/>
   <agent start_id="8275" goal_id="8778"/>
   <agent start_id="6484" goal_id="9750"/>
   <agent start_id="7494" goal_id="7997"/>
   <agent start_id="4066" goal_id="7332"/>
   <agent start_id="6722" goal_id="9988"/>
   <agent start_id="7533" goal_id="8035"/>
   <agent start_id="8195" goal_id="9441"/>
   <agent start_id="4723" goal_id="7988"/>
   <agent start_id="5655" goal_id="6157"/>
   <agent start_id="970" goal_id="4235"/>
   <agent start_id="6720" goal_id="9986"/>
   <agent start_id="3965" goal_id="4467"/>
   <agent start_id="4287" goal_id="7553"/>
   <agent start_id="2147" goal_id="5413"/>
   <agent start_id="5008" goal_id="5510"/>
   <agent start_id="2566" goal_id="5831"/>
   <agent start_id="5800" goal_id="6302"/>
   <agent start_id="8224" goal_id="147"/>
   <agent start_id="7571" goal_id="752"/>
   <agent start_id="10817" goal_id="11320"/>
   <agent start_id="8482" goal_id="405"/>
   <agent start_id="7069" goal_id="7571"/>
   <agent start_id="3456" goal_id="9068"/>
   <agent start_id="1388" goal_id="4654"/>
   <agent start_id="4454" goal_id="7720"/>
   <agent start_id="6811" goal_id="7313"/>
   <agent start_id="5277" goal_id="8542"/>
   <agent start_id="3314" goal_id="1494"/>
   <agent start_id="39" goal_id="3816"/>
   <agent start_id="1259" goal_id="4525"/>
   <agent start_id="6273" goal_id="2675"/>
   <agent start_id="5938" goal_id="9203"/>
   <agent start_id="9622" goal_id="2804"/>
   <agent start_id="2479" goal_id="2981"/>
   <agent start_id="951" goal_id="4216"/>
   <agent start_id="8880" goal_id="804"/>
   <agent start_id="602" goal_id="1104"/>
   <agent start_id="4829" goal_id="8095"/>
   <agent start_id="9023" goal_id="9525"/>
   <agent start_id="8138" goal_id="62"/>
   <agent start_id="93" goal_id="7373"/>
   <agent start_id="5758" goal_id="595"/>
   <agent start_id="9787" goal_id="206"/>
   <agent start_id="636" goal_id="2713"/>
   <agent start_id="2357" goal_id="1138"/>
   <agent start_id="406" goal_id="3672"/>
   <agent start_id="3529" goal_id="4031"/>
   <agent start_id="6810" goal_id="10075"/>
   <agent start_id="6614" goal_id="9880"/>
   <agent start_id="8265" goal_id="8768"/>
   <agent start_id="3870" goal_id="7135"/>
   <agent start_id="8354" goal_id="277"/>
   <agent start_id="2696" goal_id="3199"/>
   <agent start_id="8465" goal_id="388"/>
   <agent start_id="10790" goal_id="11292"/>
   <agent start_id="10531" goal_id="2454"/>
   <agent start_id="4832" goal_id="8098"/>
   <agent start_id="8661" goal_id="9164"/>
   <agent start_id="6898" goal_id="80"/>
   <agent start_id="3437" goal_id="6703"/>
   <agent start_id="8448" goal_id="8951"/>
   <agent start_id="60" goal_id="3325"/>
   <agent start_id="6371" goal_id="3818"/>
   <agent start_id="3316" goal_id="2638"/>
   <agent start_id="9660" goal_id="1584"/>
   <agent start_id="69" goal_id="572"/>
   <agent start_id="1349" goal_id="4615"/>
   <agent start_id="8640" goal_id="1821"/>
   <agent start_id="108" goal_id="610"/>
   <agent start_id="2240" goal_id="5506"/>
   <agent start_id="1402" goal_id="2406"/>
   <agent start_id="9823" goal_id="1454"/>
   <agent start_id="3979" goal_id="7245"/>
   <agent start_id="1151" goal_id="4417"/>
   <agent start_id="7005" goal_id="7507"/>
   <agent start_id="8116" goal_id="1006"/>
   <agent start_id="1799" goal_id="5064"/>
   <agent start_id="3286" goal_id="3789"/>
   <agent start_id="6721" goal_id="793"/>
   <agent start_id="1598" goal_id="4864"/>
   <agent start_id="4768" goal_id="5270"/>
   <agent start_id="6354" goal_id="9619"/>
   <agent start_id="10007" goal_id="10509"/>
   <agent start_id="9663" goal_id="210"/>
   <agent start_id="5612" goal_id="8878"/>
   <agent start_id="8129" goal_id="8631"/>
   <agent start_id="10837" goal_id="192"/>
   <agent start_id="8053" goal_id="11339"/>
   <agent start_id="7444" goal_id="625"/>
   <agent start_id="7901" goal_id="11167"/>
   <agent start_id="9211" goal_id="9713"/>
   <agent start_id="2871" goal_id="6136"/>
   <agent start_id="7160" goal_id="10425"/>
   <agent start_id="7333" goal_id="7835"/>
   <agent start_id="5960" goal_id="9226"/>
   <agent start_id="6139" goal_id="9405"/>
   <agent start_id="7371" goal_id="7874"/>
   <agent start_id="3307" goal_id="6573"/>
   <agent start_id="1060" goal_id="4326"/>
   <agent start_id="2305" goal_id="2807"/>
   <agent start_id="4647" goal_id="7912"/>
   <agent start_id="10409" goal_id="10911"/>
   <agent start_id="2545" goal_id="10307"/>
   <agent start_id="3983" goal_id="7248"/>
   <agent start_id="7516" goal_id="8019"/>
   <agent start_id="10294" goal_id="2217"/>
   <agent start_id="4630" goal_id="7896"/>
   <agent start_id="3797" goal_id="4300"/>
   <agent start_id="3021" goal_id="6286"/>
   <agent start_id="2221" goal_id="5486"/>
   <agent start_id="5677" goal_id="6179"/>
   <agent start_id="4940" goal_id="8205"/>
   <agent start_id="6841" goal_id="7344"/>
   <agent start_id="499" goal_id="3765"/>
   <agent start_id="7382" goal_id="367"/>
   <agent start_id="759" goal_id="7885"/>
   <agent start_id="7137" goal_id="319"/>
   <agent start_id="1697" goal_id="4962"/>
   <agent start_id="6073" goal_id="6575"/>
   <agent start_id="7028" goal_id="10294"/>
   <agent start_id="9404" goal_id="9907"/>
   <agent start_id="955" goal_id="4220"/>
   <agent start_id="9443" goal_id="10532"/>
   <agent start_id="624" goal_id="9945"/>
   <agent start_id="8572" goal_id="496"/>
   <agent start_id="388" goal_id="3654"/>
   <agent start_id="1017" goal_id="1520"/>
   <agent start_id="1952" goal_id="5218"/>
   <agent start_id="626" goal_id="3892"/>
   <agent start_id="1056" goal_id="1558"/>
   <agent start_id="9676" goal_id="1600"/>
   <agent start_id="1043" goal_id="4309"/>
   <agent start_id="4881" goal_id="5383"/>
   <agent start_id="8895" goal_id="819"/>
   <agent start_id="4395" goal_id="7661"/>
   <agent start_id="5358" goal_id="5860"/>
   <agent start_id="7052" goal_id="10317"/>
   <agent start_id="8066" goal_id="8568"/>
   <agent start_id="3654" goal_id="3983"/>
   <agent start_id="5052" goal_id="8317"/>
   <agent start_id="6188" goal_id="6690"/>
   <agent start_id="1603" goal_id="2105"/>
   <agent start_id="5943" goal_id="9208"/>
   <agent start_id="4562" goal_id="7581"/>
   <agent start_id="5723" goal_id="8988"/>
   <agent start_id="8804" goal_id="9307"/>
   <agent start_id="5201" goal_id="8467"/>
   <agent start_id="1150" goal_id="4416"/>
   <agent start_id="11105" goal_id="266"/>
   <agent start_id="4181" goal_id="3225"/>
   <agent start_id="1061" goal_id="4327"/>
   <agent start_id="3882" goal_id="6808"/>
   <agent start_id="2460" goal_id="10773"/>
   <agent start_id="1041" goal_id="4307"/>
   <agent start_id="3723" goal_id="4225"/>
   <agent start_id="9077" goal_id="2259"/>
   <agent start_id="3908" goal_id="411"/>
   <agent start_id="3004" goal_id="6269"/>
   <agent start_id="1804" goal_id="5070"/>
   <agent start_id="7360" goal_id="7612"/>
   <agent start_id="8662" goal_id="1843"/>
   <agent start_id="83" goal_id="3348"/>
   <agent start_id="3968" goal_id="3819"/>
   <agent start_id="10625" goal_id="2548"/>
   <agent start_id="7227" goal_id="408"/>
   <agent start_id="4611" goal_id="5113"/>
   <agent start_id="10862" goal_id="2786"/>
   <agent start_id="10493" goal_id="10995"/>
   <agent start_id="8030" goal_id="11296"/>
   <agent start_id="1913" goal_id="5178"/>
   <agent start_id="2001" goal_id="2503"/>
   <agent start_id="6723" goal_id="4532"/>
   <agent start_id="44" goal_id="3310"/>
   <agent start_id="7240" goal_id="7742"/>
   <agent start_id="4743" goal_id="8009"/>
   <agent start_id="5308" goal_id="8573"/>
   <agent start_id="4794" goal_id="5296"/>
   <agent start_id="7685" goal_id="11178"/>
   <agent start_id="2022" goal_id="5287"/>
   <agent start_id="1709" goal_id="2212"/>
   <agent start_id="9425" goal_id="2606"/>
   <agent start_id="10631" goal_id="4901"/>
   <agent start_id="8753" goal_id="8464"/>
   <agent start_id="5118" goal_id="9842"/>
   <agent start_id="9770" goal_id="7674"/>
   <agent start_id="6030" goal_id="9296"/>
   <agent start_id="1498" goal_id="4763"/>
   <agent start_id="847" goal_id="1350"/>
   <agent start_id="804" goal_id="4070"/>
   <agent start_id="3417" goal_id="8359"/>
   <agent start_id="1701" goal_id="3919"/>
   <agent start_id="9167" goal_id="9669"/>
   <agent start_id="4795" goal_id="10406"/>
   <agent start_id="4726" goal_id="2293"/>
   <agent start_id="2873" goal_id="6139"/>
   <agent start_id="5782" goal_id="6284"/>
   <agent start_id="4560" goal_id="7826"/>
   <agent start_id="2132" goal_id="5397"/>
   <agent start_id="5969" goal_id="4407"/>
   <agent start_id="3243" goal_id="6508"/>
   <agent start_id="9554" goal_id="1477"/>
   <agent start_id="3283" goal_id="3785"/>
   <agent start_id="1243" goal_id="4508"/>
   <agent start_id="7500" goal_id="8002"/>
   <agent start_id="8534" goal_id="1715"/>
   <agent start_id="9465" goal_id="1389"/>
   <agent start_id="3420" goal_id="6685"/>
   <agent start_id="2263" goal_id="2765"/>
   <agent start_id="10137" goal_id="10640"/>
   <agent start_id="11316" goal_id="3239"/>
   <agent start_id="7532" goal_id="8034"/>
   <agent start_id="5744" goal_id="9009"/>
   <agent start_id="4417" goal_id="7683"/>
   <agent start_id="4901" goal_id="5403"/>
   <agent start_id="10880" goal_id="9112"/>
   <agent start_id="1063" goal_id="4329"/>
   <agent start_id="856" goal_id="1358"/>
   <agent start_id="5615" goal_id="8880"/>
   <agent start_id="272" goal_id="3538"/>
   <agent start_id="1201" goal_id="1703"/>
   <agent start_id="4526" goal_id="7792"/>
   <agent start_id="9426" goal_id="9929"/>
   <agent start_id="8537" goal_id="4720"/>
   <agent start_id="5705" goal_id="8970"/>
   <agent start_id="6293" goal_id="6795"/>
   <agent start_id="6816" goal_id="10081"/>
   <agent start_id="1785" goal_id="5050"/>
   <agent start_id="5671" goal_id="6174"/>
   <agent start_id="6074" goal_id="9339"/>
   <agent start_id="2043" goal_id="5308"/>
   <agent start_id="11257" goal_id="418"/>
   <agent start_id="2895" goal_id="6160"/>
   <agent start_id="3260" goal_id="6526"/>
   <agent start_id="3127" goal_id="3630"/>
   <agent start_id="608" goal_id="3873"/>
   <agent start_id="7732" goal_id="8234"/>
   <agent start_id="9517" goal_id="2698"/>
   <agent start_id="9009" goal_id="933"/>
   <agent start_id="9026" goal_id="9529"/>
   <agent start_id="10881" goal_id="2805"/>
   <agent start_id="10841" goal_id="2764"/>
   <agent start_id="4228" goal_id="4730"/>
   <agent start_id="2492" goal_id="3709"/>
   <agent start_id="3568" goal_id="6833"/>
   <agent start_id="1346" goal_id="1848"/>
   <agent start_id="2768" goal_id="6033"/>
   <agent start_id="1607" goal_id="4873"/>
   <agent start_id="5814" goal_id="3200"/>
   <agent start_id="2026" goal_id="5291"/>
   <agent start_id="6606" goal_id="7108"/>
</root>