<?xml version="1.0" ?>
<root>
    <agent id="0" start_i="228" start_j="111" goal_i="127" goal_j="240"/>
    <agent id="1" start_i="189" start_j="216" goal_i="95" goal_j="150"/>
    <agent id="2" start_i="177" start_j="76" goal_i="193" goal_j="221"/>
    <agent id="3" start_i="34" start_j="94" goal_i="188" goal_j="73"/>
    <agent id="4" start_i="172" start_j="136" goal_i="178" goal_j="167"/>
    <agent id="5" start_i="92" start_j="65" goal_i="191" goal_j="70"/>
    <agent id="6" start_i="20" start_j="248" goal_i="59" goal_j="91"/>
    <agent id="7" start_i="227" start_j="139" goal_i="43" goal_j="125"/>
    <agent id="8" start_i="119" start_j="123" goal_i="151" goal_j="50"/>
    <agent id="9" start_i="59" start_j="201" goal_i="187" goal_j="209"/>
    <agent id="10" start_i="180" start_j="20" goal_i="16" goal_j="125"/>
    <agent id="11" start_i="49" start_j="83" goal_i="181" goal_j="233"/>
    <agent id="12" start_i="173" start_j="196" goal_i="139" goal_j="65"/>
    <agent id="13" start_i="76" start_j="177" goal_i="170" goal_j="42"/>
    <agent id="14" start_i="148" start_j="147" goal_i="159" goal_j="142"/>
    <agent id="15" start_i="134" start_j="51" goal_i="161" goal_j="162"/>
    <agent id="16" start_i="162" start_j="14" goal_i="47" goal_j="101"/>
    <agent id="17" start_i="52" start_j="69" goal_i="39" goal_j="215"/>
    <agent id="18" start_i="213" start_j="154" goal_i="145" goal_j="64"/>
    <agent id="19" start_i="160" start_j="140" goal_i="95" goal_j="146"/>
    <agent id="20" start_i="165" start_j="39" goal_i="210" goal_j="224"/>
    <agent id="21" start_i="168" start_j="42" goal_i="109" goal_j="106"/>
    <agent id="22" start_i="42" start_j="112" goal_i="141" goal_j="60"/>
    <agent id="23" start_i="29" start_j="242" goal_i="69" goal_j="210"/>
    <agent id="24" start_i="177" start_j="160" goal_i="88" goal_j="111"/>
    <agent id="25" start_i="173" start_j="64" goal_i="106" goal_j="144"/>
    <agent id="26" start_i="58" start_j="246" goal_i="142" goal_j="101"/>
    <agent id="27" start_i="93" start_j="128" goal_i="67" goal_j="166"/>
    <agent id="28" start_i="59" start_j="70" goal_i="137" goal_j="60"/>
    <agent id="29" start_i="81" start_j="91" goal_i="37" goal_j="200"/>
    <agent id="30" start_i="124" start_j="215" goal_i="90" goal_j="104"/>
    <agent id="31" start_i="162" start_j="121" goal_i="32" goal_j="211"/>
    <agent id="32" start_i="90" start_j="116" goal_i="55" goal_j="88"/>
    <agent id="33" start_i="68" start_j="208" goal_i="192" goal_j="67"/>
    <agent id="34" start_i="209" start_j="81" goal_i="27" goal_j="139"/>
    <agent id="35" start_i="62" start_j="220" goal_i="153" goal_j="179"/>
    <agent id="36" start_i="119" start_j="224" goal_i="117" goal_j="213"/>
    <agent id="37" start_i="216" start_j="237" goal_i="182" goal_j="32"/>
    <agent id="38" start_i="81" start_j="171" goal_i="135" goal_j="252"/>
    <agent id="39" start_i="60" start_j="63" goal_i="198" goal_j="248"/>
    <agent id="40" start_i="82" start_j="119" goal_i="45" goal_j="50"/>
    <agent id="41" start_i="155" start_j="35" goal_i="147" goal_j="34"/>
    <agent id="42" start_i="38" start_j="221" goal_i="157" goal_j="139"/>
    <agent id="43" start_i="72" start_j="222" goal_i="192" goal_j="213"/>
    <agent id="44" start_i="75" start_j="209" goal_i="114" goal_j="119"/>
    <agent id="45" start_i="105" start_j="175" goal_i="69" goal_j="199"/>
    <agent id="46" start_i="115" start_j="171" goal_i="209" goal_j="221"/>
    <agent id="47" start_i="118" start_j="226" goal_i="41" goal_j="148"/>
    <agent id="48" start_i="161" start_j="125" goal_i="51" goal_j="74"/>
    <agent id="49" start_i="157" start_j="28" goal_i="115" goal_j="121"/>
    <agent id="50" start_i="103" start_j="137" goal_i="168" goal_j="28"/>
    <agent id="51" start_i="164" start_j="89" goal_i="16" goal_j="238"/>
    <agent id="52" start_i="174" start_j="145" goal_i="105" goal_j="147"/>
    <agent id="53" start_i="29" start_j="127" goal_i="83" goal_j="164"/>
    <agent id="54" start_i="73" start_j="61" goal_i="221" goal_j="67"/>
    <agent id="55" start_i="87" start_j="117" goal_i="78" goal_j="191"/>
    <agent id="56" start_i="103" start_j="146" goal_i="69" goal_j="65"/>
    <agent id="57" start_i="142" start_j="34" goal_i="147" goal_j="7"/>
    <agent id="58" start_i="197" start_j="214" goal_i="63" goal_j="70"/>
    <agent id="59" start_i="66" start_j="44" goal_i="50" goal_j="103"/>
    <agent id="60" start_i="101" start_j="184" goal_i="23" goal_j="176"/>
    <agent id="61" start_i="84" start_j="107" goal_i="104" goal_j="126"/>
    <agent id="62" start_i="166" start_j="151" goal_i="50" goal_j="236"/>
    <agent id="63" start_i="53" start_j="98" goal_i="182" goal_j="210"/>
    <agent id="64" start_i="98" start_j="244" goal_i="162" goal_j="79"/>
    <agent id="65" start_i="64" start_j="57" goal_i="173" goal_j="50"/>
    <agent id="66" start_i="216" start_j="143" goal_i="188" goal_j="36"/>
    <agent id="67" start_i="19" start_j="138" goal_i="36" goal_j="102"/>
    <agent id="68" start_i="54" start_j="101" goal_i="161" goal_j="169"/>
    <agent id="69" start_i="191" start_j="231" goal_i="141" goal_j="43"/>
    <agent id="70" start_i="43" start_j="58" goal_i="200" goal_j="7"/>
    <agent id="71" start_i="214" start_j="119" goal_i="141" goal_j="70"/>
    <agent id="72" start_i="123" start_j="162" goal_i="163" goal_j="146"/>
    <agent id="73" start_i="48" start_j="235" goal_i="114" goal_j="222"/>
    <agent id="74" start_i="119" start_j="156" goal_i="56" goal_j="219"/>
    <agent id="75" start_i="183" start_j="170" goal_i="78" goal_j="227"/>
    <agent id="76" start_i="48" start_j="111" goal_i="143" goal_j="180"/>
    <agent id="77" start_i="66" start_j="219" goal_i="170" goal_j="138"/>
    <agent id="78" start_i="211" start_j="10" goal_i="59" goal_j="234"/>
    <agent id="79" start_i="107" start_j="135" goal_i="138" goal_j="91"/>
    <agent id="80" start_i="98" start_j="169" goal_i="71" goal_j="218"/>
    <agent id="81" start_i="167" start_j="93" goal_i="216" goal_j="107"/>
    <agent id="82" start_i="148" start_j="33" goal_i="141" goal_j="188"/>
    <agent id="83" start_i="163" start_j="30" goal_i="203" goal_j="73"/>
    <agent id="84" start_i="38" start_j="183" goal_i="72" goal_j="195"/>
    <agent id="85" start_i="95" start_j="89" goal_i="82" goal_j="46"/>
    <agent id="86" start_i="157" start_j="22" goal_i="83" goal_j="191"/>
    <agent id="87" start_i="30" start_j="145" goal_i="60" goal_j="87"/>
    <agent id="88" start_i="121" start_j="171" goal_i="181" goal_j="214"/>
    <agent id="89" start_i="63" start_j="243" goal_i="186" goal_j="8"/>
    <agent id="90" start_i="43" start_j="151" goal_i="203" goal_j="228"/>
    <agent id="91" start_i="96" start_j="230" goal_i="40" goal_j="207"/>
    <agent id="92" start_i="117" start_j="233" goal_i="42" goal_j="172"/>
    <agent id="93" start_i="184" start_j="77" goal_i="160" goal_j="72"/>
    <agent id="94" start_i="101" start_j="182" goal_i="48" goal_j="81"/>
    <agent id="95" start_i="227" start_j="92" goal_i="76" goal_j="79"/>
    <agent id="96" start_i="207" start_j="154" goal_i="195" goal_j="68"/>
    <agent id="97" start_i="108" start_j="93" goal_i="141" goal_j="29"/>
    <agent id="98" start_i="39" start_j="232" goal_i="166" goal_j="167"/>
    <agent id="99" start_i="88" start_j="219" goal_i="228" goal_j="94"/>
    <agent id="100" start_i="107" start_j="154" goal_i="180" goal_j="200"/>
    <agent id="101" start_i="91" start_j="64" goal_i="203" goal_j="213"/>
    <agent id="102" start_i="116" start_j="116" goal_i="142" goal_j="182"/>
    <agent id="103" start_i="47" start_j="137" goal_i="140" goal_j="31"/>
    <agent id="104" start_i="101" start_j="130" goal_i="192" goal_j="224"/>
    <agent id="105" start_i="182" start_j="201" goal_i="177" goal_j="20"/>
    <agent id="106" start_i="32" start_j="127" goal_i="101" goal_j="100"/>
    <agent id="107" start_i="32" start_j="215" goal_i="30" goal_j="242"/>
    <agent id="108" start_i="74" start_j="55" goal_i="42" goal_j="94"/>
    <agent id="109" start_i="105" start_j="170" goal_i="28" goal_j="162"/>
    <agent id="110" start_i="139" start_j="74" goal_i="231" goal_j="135"/>
    <agent id="111" start_i="57" start_j="122" goal_i="43" goal_j="252"/>
    <agent id="112" start_i="76" start_j="74" goal_i="11" goal_j="248"/>
    <agent id="113" start_i="170" start_j="39" goal_i="111" goal_j="231"/>
    <agent id="114" start_i="71" start_j="46" goal_i="81" goal_j="178"/>
    <agent id="115" start_i="173" start_j="62" goal_i="228" goal_j="124"/>
    <agent id="116" start_i="60" start_j="185" goal_i="95" goal_j="178"/>
    <agent id="117" start_i="101" start_j="119" goal_i="171" goal_j="107"/>
    <agent id="118" start_i="181" start_j="195" goal_i="90" goal_j="218"/>
    <agent id="119" start_i="104" start_j="154" goal_i="144" goal_j="154"/>
    <agent id="120" start_i="51" start_j="91" goal_i="77" goal_j="175"/>
    <agent id="121" start_i="91" start_j="175" goal_i="102" goal_j="161"/>
    <agent id="122" start_i="91" start_j="94" goal_i="168" goal_j="161"/>
    <agent id="123" start_i="97" start_j="149" goal_i="233" goal_j="68"/>
    <agent id="124" start_i="144" start_j="184" goal_i="192" goal_j="13"/>
    <agent id="125" start_i="85" start_j="102" goal_i="85" goal_j="164"/>
    <agent id="126" start_i="174" start_j="153" goal_i="157" goal_j="68"/>
    <agent id="127" start_i="213" start_j="76" goal_i="200" goal_j="196"/>
    <agent id="128" start_i="53" start_j="240" goal_i="80" goal_j="219"/>
    <agent id="129" start_i="159" start_j="113" goal_i="136" goal_j="213"/>
    <agent id="130" start_i="84" start_j="44" goal_i="61" goal_j="78"/>
    <agent id="131" start_i="158" start_j="127" goal_i="147" goal_j="51"/>
    <agent id="132" start_i="108" start_j="104" goal_i="161" goal_j="44"/>
    <agent id="133" start_i="57" start_j="224" goal_i="90" goal_j="161"/>
    <agent id="134" start_i="67" start_j="224" goal_i="78" goal_j="237"/>
    <agent id="135" start_i="125" start_j="232" goal_i="177" goal_j="183"/>
    <agent id="136" start_i="135" start_j="184" goal_i="154" goal_j="86"/>
    <agent id="137" start_i="181" start_j="14" goal_i="173" goal_j="149"/>
    <agent id="138" start_i="81" start_j="84" goal_i="107" goal_j="110"/>
    <agent id="139" start_i="105" start_j="155" goal_i="93" goal_j="243"/>
    <agent id="140" start_i="92" start_j="220" goal_i="189" goal_j="74"/>
    <agent id="141" start_i="136" start_j="175" goal_i="214" goal_j="95"/>
    <agent id="142" start_i="167" start_j="117" goal_i="49" goal_j="242"/>
    <agent id="143" start_i="179" start_j="205" goal_i="153" goal_j="40"/>
    <agent id="144" start_i="38" start_j="74" goal_i="63" goal_j="219"/>
    <agent id="145" start_i="69" start_j="180" goal_i="92" goal_j="100"/>
    <agent id="146" start_i="189" start_j="211" goal_i="177" goal_j="215"/>
    <agent id="147" start_i="49" start_j="124" goal_i="55" goal_j="48"/>
    <agent id="148" start_i="102" start_j="231" goal_i="232" goal_j="95"/>
    <agent id="149" start_i="174" start_j="199" goal_i="112" goal_j="226"/>
    <agent id="150" start_i="65" start_j="40" goal_i="204" goal_j="239"/>
    <agent id="151" start_i="200" start_j="94" goal_i="112" goal_j="220"/>
    <agent id="152" start_i="180" start_j="81" goal_i="163" goal_j="154"/>
    <agent id="153" start_i="71" start_j="172" goal_i="185" goal_j="216"/>
    <agent id="154" start_i="115" start_j="176" goal_i="106" goal_j="91"/>
    <agent id="155" start_i="55" start_j="203" goal_i="132" goal_j="187"/>
    <agent id="156" start_i="207" start_j="78" goal_i="196" goal_j="98"/>
    <agent id="157" start_i="157" start_j="41" goal_i="64" goal_j="42"/>
    <agent id="158" start_i="157" start_j="180" goal_i="195" goal_j="226"/>
    <agent id="159" start_i="187" start_j="241" goal_i="145" goal_j="21"/>
    <agent id="160" start_i="38" start_j="234" goal_i="180" goal_j="227"/>
    <agent id="161" start_i="228" start_j="68" goal_i="173" goal_j="7"/>
    <agent id="162" start_i="104" start_j="97" goal_i="59" goal_j="84"/>
    <agent id="163" start_i="112" start_j="224" goal_i="195" goal_j="90"/>
    <agent id="164" start_i="174" start_j="114" goal_i="162" goal_j="162"/>
    <agent id="165" start_i="45" start_j="181" goal_i="35" goal_j="106"/>
    <agent id="166" start_i="81" start_j="107" goal_i="205" goal_j="146"/>
    <agent id="167" start_i="172" start_j="23" goal_i="141" goal_j="18"/>
    <agent id="168" start_i="87" start_j="231" goal_i="222" goal_j="104"/>
    <agent id="169" start_i="164" start_j="34" goal_i="56" goal_j="76"/>
    <agent id="170" start_i="110" start_j="161" goal_i="53" goal_j="222"/>
    <agent id="171" start_i="65" start_j="190" goal_i="169" goal_j="175"/>
    <agent id="172" start_i="214" start_j="111" goal_i="151" goal_j="74"/>
    <agent id="173" start_i="95" start_j="169" goal_i="152" goal_j="145"/>
    <agent id="174" start_i="45" start_j="234" goal_i="144" goal_j="13"/>
    <agent id="175" start_i="180" start_j="152" goal_i="57" goal_j="169"/>
    <agent id="176" start_i="171" start_j="67" goal_i="144" goal_j="83"/>
    <agent id="177" start_i="83" start_j="209" goal_i="174" goal_j="63"/>
    <agent id="178" start_i="157" start_j="124" goal_i="162" goal_j="123"/>
    <agent id="179" start_i="87" start_j="87" goal_i="122" goal_j="166"/>
    <agent id="180" start_i="189" start_j="223" goal_i="101" goal_j="116"/>
    <agent id="181" start_i="73" start_j="185" goal_i="155" goal_j="30"/>
    <agent id="182" start_i="79" start_j="234" goal_i="112" goal_j="102"/>
    <agent id="183" start_i="208" start_j="17" goal_i="217" goal_j="142"/>
    <agent id="184" start_i="190" start_j="97" goal_i="152" goal_j="142"/>
    <agent id="185" start_i="112" start_j="101" goal_i="78" goal_j="85"/>
    <agent id="186" start_i="72" start_j="214" goal_i="89" goal_j="191"/>
    <agent id="187" start_i="113" start_j="160" goal_i="68" goal_j="236"/>
    <agent id="188" start_i="57" start_j="49" goal_i="168" goal_j="27"/>
    <agent id="189" start_i="68" start_j="233" goal_i="189" goal_j="222"/>
    <agent id="190" start_i="180" start_j="202" goal_i="194" goal_j="93"/>
    <agent id="191" start_i="12" start_j="138" goal_i="33" goal_j="201"/>
    <agent id="192" start_i="188" start_j="214" goal_i="31" goal_j="207"/>
    <agent id="193" start_i="182" start_j="61" goal_i="212" goal_j="6"/>
    <agent id="194" start_i="103" start_j="162" goal_i="230" goal_j="75"/>
    <agent id="195" start_i="157" start_j="99" goal_i="145" goal_j="184"/>
    <agent id="196" start_i="128" start_j="175" goal_i="54" goal_j="81"/>
    <agent id="197" start_i="161" start_j="59" goal_i="93" goal_j="147"/>
    <agent id="198" start_i="138" start_j="93" goal_i="10" goal_j="249"/>
    <agent id="199" start_i="171" start_j="149" goal_i="96" goal_j="169"/>
    <agent id="200" start_i="143" start_j="64" goal_i="111" goal_j="109"/>
    <agent id="201" start_i="49" start_j="185" goal_i="135" goal_j="177"/>
    <agent id="202" start_i="100" start_j="88" goal_i="89" goal_j="171"/>
    <agent id="203" start_i="109" start_j="243" goal_i="178" goal_j="178"/>
    <agent id="204" start_i="93" start_j="122" goal_i="180" goal_j="79"/>
    <agent id="205" start_i="229" start_j="93" goal_i="206" goal_j="205"/>
    <agent id="206" start_i="166" start_j="22" goal_i="197" goal_j="97"/>
    <agent id="207" start_i="214" start_j="106" goal_i="175" goal_j="78"/>
    <agent id="208" start_i="146" start_j="19" goal_i="33" goal_j="189"/>
    <agent id="209" start_i="23" start_j="234" goal_i="175" goal_j="80"/>
    <agent id="210" start_i="138" start_j="42" goal_i="156" goal_j="61"/>
    <agent id="211" start_i="155" start_j="85" goal_i="82" goal_j="124"/>
    <agent id="212" start_i="101" start_j="99" goal_i="56" goal_j="90"/>
    <agent id="213" start_i="227" start_j="87" goal_i="159" goal_j="104"/>
    <agent id="214" start_i="30" start_j="158" goal_i="209" goal_j="222"/>
    <agent id="215" start_i="110" start_j="149" goal_i="113" goal_j="223"/>
    <agent id="216" start_i="38" start_j="206" goal_i="100" goal_j="155"/>
    <agent id="217" start_i="57" start_j="83" goal_i="169" goal_j="20"/>
    <agent id="218" start_i="155" start_j="36" goal_i="108" goal_j="122"/>
    <agent id="219" start_i="197" start_j="209" goal_i="158" goal_j="57"/>
    <agent id="220" start_i="132" start_j="163" goal_i="135" goal_j="165"/>
    <agent id="221" start_i="17" start_j="241" goal_i="143" goal_j="52"/>
    <agent id="222" start_i="152" start_j="34" goal_i="157" goal_j="16"/>
    <agent id="223" start_i="85" start_j="51" goal_i="8" goal_j="249"/>
    <agent id="224" start_i="43" start_j="75" goal_i="31" goal_j="130"/>
    <agent id="225" start_i="30" start_j="69" goal_i="190" goal_j="9"/>
    <agent id="226" start_i="154" start_j="49" goal_i="145" goal_j="11"/>
    <agent id="227" start_i="228" start_j="126" goal_i="140" goal_j="85"/>
    <agent id="228" start_i="41" start_j="233" goal_i="137" goal_j="158"/>
    <agent id="229" start_i="50" start_j="241" goal_i="174" goal_j="227"/>
    <agent id="230" start_i="160" start_j="128" goal_i="61" goal_j="61"/>
    <agent id="231" start_i="134" start_j="250" goal_i="102" goal_j="89"/>
    <agent id="232" start_i="170" start_j="98" goal_i="58" goal_j="186"/>
    <agent id="233" start_i="93" start_j="168" goal_i="162" goal_j="138"/>
    <agent id="234" start_i="40" start_j="249" goal_i="80" goal_j="104"/>
    <agent id="235" start_i="62" start_j="225" goal_i="104" goal_j="110"/>
    <agent id="236" start_i="10" start_j="235" goal_i="152" goal_j="52"/>
    <agent id="237" start_i="58" start_j="124" goal_i="57" goal_j="204"/>
    <agent id="238" start_i="211" start_j="239" goal_i="170" goal_j="179"/>
    <agent id="239" start_i="155" start_j="45" goal_i="195" goal_j="17"/>
    <agent id="240" start_i="109" start_j="129" goal_i="232" goal_j="123"/>
    <agent id="241" start_i="55" start_j="124" goal_i="165" goal_j="147"/>
    <agent id="242" start_i="32" start_j="190" goal_i="217" goal_j="120"/>
    <agent id="243" start_i="172" start_j="86" goal_i="191" goal_j="84"/>
    <agent id="244" start_i="101" start_j="96" goal_i="129" goal_j="215"/>
    <agent id="245" start_i="142" start_j="80" goal_i="125" goal_j="214"/>
    <agent id="246" start_i="87" start_j="226" goal_i="225" goal_j="95"/>
    <agent id="247" start_i="64" start_j="230" goal_i="17" goal_j="142"/>
    <agent id="248" start_i="55" start_j="93" goal_i="58" goal_j="199"/>
    <agent id="249" start_i="34" start_j="182" goal_i="133" goal_j="179"/>
    <agent id="250" start_i="83" start_j="225" goal_i="152" goal_j="29"/>
    <agent id="251" start_i="78" start_j="42" goal_i="141" goal_j="177"/>
    <agent id="252" start_i="219" start_j="117" goal_i="57" goal_j="164"/>
    <agent id="253" start_i="217" start_j="100" goal_i="126" goal_j="214"/>
    <agent id="254" start_i="93" start_j="182" goal_i="86" goal_j="193"/>
    <agent id="255" start_i="46" start_j="144" goal_i="129" goal_j="238"/>
    <agent id="256" start_i="187" start_j="95" goal_i="33" goal_j="199"/>
    <agent id="257" start_i="209" start_j="220" goal_i="179" goal_j="138"/>
    <agent id="258" start_i="95" start_j="69" goal_i="75" goal_j="19"/>
    <agent id="259" start_i="84" start_j="195" goal_i="113" goal_j="126"/>
    <agent id="260" start_i="98" start_j="240" goal_i="70" goal_j="201"/>
    <agent id="261" start_i="191" start_j="228" goal_i="149" goal_j="176"/>
    <agent id="262" start_i="99" start_j="86" goal_i="167" goal_j="149"/>
    <agent id="263" start_i="71" start_j="200" goal_i="152" goal_j="149"/>
    <agent id="264" start_i="160" start_j="15" goal_i="159" goal_j="69"/>
    <agent id="265" start_i="86" start_j="42" goal_i="195" goal_j="87"/>
    <agent id="266" start_i="100" start_j="222" goal_i="102" goal_j="244"/>
    <agent id="267" start_i="9" start_j="137" goal_i="40" goal_j="176"/>
    <agent id="268" start_i="44" start_j="103" goal_i="215" goal_j="137"/>
    <agent id="269" start_i="117" start_j="154" goal_i="210" goal_j="157"/>
    <agent id="270" start_i="160" start_j="70" goal_i="91" goal_j="101"/>
    <agent id="271" start_i="63" start_j="130" goal_i="178" goal_j="137"/>
    <agent id="272" start_i="154" start_j="193" goal_i="86" goal_j="196"/>
    <agent id="273" start_i="96" start_j="112" goal_i="29" goal_j="175"/>
    <agent id="274" start_i="89" start_j="76" goal_i="70" goal_j="195"/>
    <agent id="275" start_i="223" start_j="99" goal_i="193" goal_j="96"/>
    <agent id="276" start_i="178" start_j="140" goal_i="45" goal_j="73"/>
    <agent id="277" start_i="228" start_j="71" goal_i="155" goal_j="14"/>
    <agent id="278" start_i="67" start_j="171" goal_i="56" goal_j="161"/>
    <agent id="279" start_i="94" start_j="129" goal_i="77" goal_j="167"/>
    <agent id="280" start_i="50" start_j="156" goal_i="92" goal_j="90"/>
    <agent id="281" start_i="81" start_j="80" goal_i="158" goal_j="123"/>
    <agent id="282" start_i="155" start_j="175" goal_i="33" goal_j="239"/>
    <agent id="283" start_i="180" start_j="89" goal_i="82" goal_j="212"/>
    <agent id="284" start_i="157" start_j="42" goal_i="166" goal_j="76"/>
    <agent id="285" start_i="202" start_j="202" goal_i="27" goal_j="173"/>
    <agent id="286" start_i="157" start_j="25" goal_i="172" goal_j="9"/>
    <agent id="287" start_i="69" start_j="196" goal_i="70" goal_j="129"/>
    <agent id="288" start_i="154" start_j="176" goal_i="140" goal_j="79"/>
    <agent id="289" start_i="45" start_j="250" goal_i="128" goal_j="243"/>
    <agent id="290" start_i="45" start_j="65" goal_i="61" goal_j="195"/>
    <agent id="291" start_i="179" start_j="220" goal_i="184" goal_j="215"/>
    <agent id="292" start_i="203" start_j="211" goal_i="147" goal_j="171"/>
    <agent id="293" start_i="146" start_j="68" goal_i="173" goal_j="20"/>
    <agent id="294" start_i="20" start_j="139" goal_i="61" goal_j="48"/>
    <agent id="295" start_i="90" start_j="210" goal_i="169" goal_j="41"/>
    <agent id="296" start_i="5" start_j="138" goal_i="100" goal_j="227"/>
    <agent id="297" start_i="200" start_j="210" goal_i="59" goal_j="247"/>
    <agent id="298" start_i="51" start_j="108" goal_i="60" goal_j="218"/>
    <agent id="299" start_i="113" start_j="232" goal_i="156" goal_j="91"/>
    <agent id="300" start_i="79" start_j="210" goal_i="190" goal_j="96"/>
    <agent id="301" start_i="33" start_j="178" goal_i="45" goal_j="105"/>
    <agent id="302" start_i="92" start_j="125" goal_i="61" goal_j="94"/>
    <agent id="303" start_i="177" start_j="39" goal_i="181" goal_j="215"/>
    <agent id="304" start_i="125" start_j="236" goal_i="11" goal_j="245"/>
    <agent id="305" start_i="205" start_j="221" goal_i="54" goal_j="71"/>
    <agent id="306" start_i="119" start_j="118" goal_i="27" goal_j="155"/>
    <agent id="307" start_i="20" start_j="142" goal_i="129" goal_j="180"/>
    <agent id="308" start_i="158" start_j="37" goal_i="32" goal_j="234"/>
    <agent id="309" start_i="169" start_j="163" goal_i="37" goal_j="66"/>
    <agent id="310" start_i="214" start_j="233" goal_i="69" goal_j="170"/>
    <agent id="311" start_i="153" start_j="71" goal_i="211" goal_j="218"/>
    <agent id="312" start_i="83" start_j="202" goal_i="220" goal_j="74"/>
    <agent id="313" start_i="149" start_j="14" goal_i="42" goal_j="156"/>
    <agent id="314" start_i="17" start_j="246" goal_i="81" goal_j="112"/>
    <agent id="315" start_i="156" start_j="72" goal_i="183" goal_j="30"/>
    <agent id="316" start_i="89" start_j="173" goal_i="110" goal_j="181"/>
    <agent id="317" start_i="176" start_j="152" goal_i="46" goal_j="185"/>
    <agent id="318" start_i="32" start_j="184" goal_i="41" goal_j="98"/>
    <agent id="319" start_i="140" start_j="99" goal_i="72" goal_j="182"/>
    <agent id="320" start_i="76" start_j="37" goal_i="194" goal_j="235"/>
    <agent id="321" start_i="130" start_j="182" goal_i="51" goal_j="242"/>
    <agent id="322" start_i="34" start_j="90" goal_i="170" goal_j="93"/>
    <agent id="323" start_i="156" start_j="165" goal_i="176" goal_j="28"/>
    <agent id="324" start_i="82" start_j="44" goal_i="37" goal_j="170"/>
    <agent id="325" start_i="175" start_j="186" goal_i="216" goal_j="86"/>
    <agent id="326" start_i="91" start_j="212" goal_i="192" goal_j="72"/>
    <agent id="327" start_i="140" start_j="175" goal_i="111" goal_j="179"/>
    <agent id="328" start_i="60" start_j="182" goal_i="21" goal_j="168"/>
    <agent id="329" start_i="150" start_j="134" goal_i="152" goal_j="151"/>
    <agent id="330" start_i="169" start_j="19" goal_i="94" goal_j="87"/>
    <agent id="331" start_i="149" start_j="161" goal_i="196" goal_j="7"/>
    <agent id="332" start_i="210" start_j="239" goal_i="221" goal_j="219"/>
    <agent id="333" start_i="47" start_j="244" goal_i="17" goal_j="137"/>
    <agent id="334" start_i="88" start_j="78" goal_i="148" goal_j="66"/>
    <agent id="335" start_i="77" start_j="24" goal_i="53" goal_j="51"/>
    <agent id="336" start_i="61" start_j="53" goal_i="180" goal_j="185"/>
    <agent id="337" start_i="142" start_j="89" goal_i="135" goal_j="215"/>
    <agent id="338" start_i="77" start_j="166" goal_i="178" goal_j="90"/>
    <agent id="339" start_i="106" start_j="225" goal_i="21" goal_j="139"/>
    <agent id="340" start_i="163" start_j="93" goal_i="171" goal_j="46"/>
    <agent id="341" start_i="166" start_j="148" goal_i="36" goal_j="81"/>
    <agent id="342" start_i="32" start_j="125" goal_i="172" goal_j="43"/>
    <agent id="343" start_i="129" start_j="248" goal_i="119" goal_j="215"/>
    <agent id="344" start_i="27" start_j="161" goal_i="42" goal_j="249"/>
    <agent id="345" start_i="7" start_j="234" goal_i="41" goal_j="202"/>
    <agent id="346" start_i="218" start_j="110" goal_i="32" goal_j="160"/>
    <agent id="347" start_i="64" start_j="202" goal_i="75" goal_j="36"/>
    <agent id="348" start_i="207" start_j="144" goal_i="22" goal_j="155"/>
    <agent id="349" start_i="191" start_j="82" goal_i="52" goal_j="212"/>
    <agent id="350" start_i="230" start_j="99" goal_i="82" goal_j="187"/>
    <agent id="351" start_i="182" start_j="41" goal_i="166" goal_j="179"/>
    <agent id="352" start_i="104" start_j="164" goal_i="53" goal_j="117"/>
    <agent id="353" start_i="126" start_j="232" goal_i="58" goal_j="164"/>
    <agent id="354" start_i="150" start_j="176" goal_i="38" goal_j="249"/>
    <agent id="355" start_i="157" start_j="36" goal_i="22" goal_j="147"/>
    <agent id="356" start_i="153" start_j="98" goal_i="229" goal_j="125"/>
    <agent id="357" start_i="228" start_j="97" goal_i="163" goal_j="94"/>
    <agent id="358" start_i="232" start_j="77" goal_i="172" goal_j="143"/>
    <agent id="359" start_i="165" start_j="60" goal_i="92" goal_j="182"/>
    <agent id="360" start_i="150" start_j="167" goal_i="84" goal_j="192"/>
    <agent id="361" start_i="40" start_j="69" goal_i="184" goal_j="34"/>
    <agent id="362" start_i="85" start_j="70" goal_i="43" goal_j="189"/>
    <agent id="363" start_i="159" start_j="78" goal_i="16" goal_j="138"/>
    <agent id="364" start_i="160" start_j="199" goal_i="184" goal_j="27"/>
    <agent id="365" start_i="177" start_j="37" goal_i="174" goal_j="166"/>
    <agent id="366" start_i="41" start_j="203" goal_i="71" goal_j="174"/>
    <agent id="367" start_i="136" start_j="174" goal_i="225" goal_j="78"/>
    <agent id="368" start_i="231" start_j="137" goal_i="119" goal_j="117"/>
    <agent id="369" start_i="172" start_j="170" goal_i="205" goal_j="228"/>
    <agent id="370" start_i="142" start_j="46" goal_i="75" goal_j="230"/>
    <agent id="371" start_i="81" start_j="118" goal_i="92" goal_j="129"/>
    <agent id="372" start_i="188" start_j="78" goal_i="154" goal_j="138"/>
    <agent id="373" start_i="164" start_j="47" goal_i="216" goal_j="92"/>
    <agent id="374" start_i="148" start_j="24" goal_i="156" goal_j="131"/>
    <agent id="375" start_i="152" start_j="91" goal_i="213" goal_j="221"/>
    <agent id="376" start_i="185" start_j="202" goal_i="106" goal_j="240"/>
    <agent id="377" start_i="152" start_j="101" goal_i="33" goal_j="119"/>
    <agent id="378" start_i="53" start_j="204" goal_i="191" goal_j="214"/>
    <agent id="379" start_i="175" start_j="86" goal_i="187" goal_j="83"/>
    <agent id="380" start_i="171" start_j="143" goal_i="51" goal_j="104"/>
    <agent id="381" start_i="157" start_j="91" goal_i="67" goal_j="52"/>
    <agent id="382" start_i="84" start_j="118" goal_i="184" goal_j="20"/>
    <agent id="383" start_i="174" start_j="186" goal_i="96" goal_j="64"/>
    <agent id="384" start_i="76" start_j="191" goal_i="95" goal_j="235"/>
    <agent id="385" start_i="150" start_j="73" goal_i="80" goal_j="78"/>
    <agent id="386" start_i="186" start_j="72" goal_i="89" goal_j="240"/>
    <agent id="387" start_i="38" start_j="82" goal_i="106" goal_j="86"/>
    <agent id="388" start_i="170" start_j="174" goal_i="56" goal_j="199"/>
    <agent id="389" start_i="187" start_j="14" goal_i="154" goal_j="31"/>
    <agent id="390" start_i="90" start_j="55" goal_i="99" goal_j="109"/>
    <agent id="391" start_i="38" start_j="129" goal_i="36" goal_j="192"/>
    <agent id="392" start_i="200" start_j="69" goal_i="55" goal_j="77"/>
    <agent id="393" start_i="53" start_j="174" goal_i="11" goal_j="240"/>
    <agent id="394" start_i="56" start_j="204" goal_i="180" goal_j="174"/>
    <agent id="395" start_i="214" start_j="228" goal_i="138" goal_j="217"/>
    <agent id="396" start_i="142" start_j="79" goal_i="50" goal_j="148"/>
    <agent id="397" start_i="103" start_j="127" goal_i="196" goal_j="212"/>
    <agent id="398" start_i="107" start_j="151" goal_i="208" goal_j="13"/>
    <agent id="399" start_i="141" start_j="78" goal_i="151" goal_j="185"/>
    <agent id="400" start_i="160" start_j="195" goal_i="215" goal_j="146"/>
    <agent id="401" start_i="185" start_j="151" goal_i="154" goal_j="84"/>
    <agent id="402" start_i="56" start_j="243" goal_i="147" goal_j="162"/>
    <agent id="403" start_i="89" start_j="213" goal_i="175" goal_j="145"/>
    <agent id="404" start_i="83" start_j="47" goal_i="37" goal_j="70"/>
    <agent id="405" start_i="204" start_j="87" goal_i="141" goal_j="87"/>
    <agent id="406" start_i="44" start_j="154" goal_i="42" goal_j="74"/>
    <agent id="407" start_i="52" start_j="119" goal_i="89" goal_j="105"/>
    <agent id="408" start_i="162" start_j="132" goal_i="173" goal_j="60"/>
    <agent id="409" start_i="93" start_j="107" goal_i="73" goal_j="46"/>
    <agent id="410" start_i="141" start_j="155" goal_i="54" goal_j="175"/>
    <agent id="411" start_i="41" start_j="180" goal_i="93" goal_j="125"/>
    <agent id="412" start_i="35" start_j="244" goal_i="181" goal_j="221"/>
    <agent id="413" start_i="45" start_j="112" goal_i="194" goal_j="227"/>
    <agent id="414" start_i="86" start_j="51" goal_i="56" goal_j="234"/>
    <agent id="415" start_i="176" start_j="50" goal_i="197" goal_j="11"/>
    <agent id="416" start_i="70" start_j="46" goal_i="106" goal_j="136"/>
    <agent id="417" start_i="52" start_j="167" goal_i="20" goal_j="171"/>
    <agent id="418" start_i="108" start_j="152" goal_i="162" goal_j="58"/>
    <agent id="419" start_i="172" start_j="84" goal_i="18" goal_j="172"/>
    <agent id="420" start_i="98" start_j="102" goal_i="67" goal_j="230"/>
    <agent id="421" start_i="176" start_j="96" goal_i="197" goal_j="72"/>
    <agent id="422" start_i="47" start_j="119" goal_i="175" goal_j="204"/>
    <agent id="423" start_i="174" start_j="131" goal_i="170" goal_j="31"/>
    <agent id="424" start_i="95" start_j="94" goal_i="71" goal_j="227"/>
    <agent id="425" start_i="205" start_j="11" goal_i="146" goal_j="76"/>
    <agent id="426" start_i="35" start_j="91" goal_i="172" goal_j="202"/>
    <agent id="427" start_i="207" start_j="16" goal_i="56" goal_j="100"/>
    <agent id="428" start_i="57" start_j="195" goal_i="217" goal_j="91"/>
    <agent id="429" start_i="190" start_j="243" goal_i="232" goal_j="73"/>
    <agent id="430" start_i="36" start_j="77" goal_i="108" goal_j="161"/>
    <agent id="431" start_i="217" start_j="122" goal_i="52" goal_j="93"/>
    <agent id="432" start_i="201" start_j="72" goal_i="141" goal_j="66"/>
    <agent id="433" start_i="140" start_j="14" goal_i="190" goal_j="202"/>
    <agent id="434" start_i="33" start_j="244" goal_i="21" goal_j="142"/>
    <agent id="435" start_i="166" start_j="156" goal_i="102" goal_j="159"/>
    <agent id="436" start_i="214" start_j="87" goal_i="163" goal_j="21"/>
    <agent id="437" start_i="209" start_j="223" goal_i="55" goal_j="84"/>
    <agent id="438" start_i="156" start_j="70" goal_i="46" goal_j="155"/>
    <agent id="439" start_i="167" start_j="161" goal_i="225" goal_j="106"/>
    <agent id="440" start_i="56" start_j="86" goal_i="119" goal_j="235"/>
    <agent id="441" start_i="154" start_j="160" goal_i="226" goal_j="125"/>
    <agent id="442" start_i="36" start_j="162" goal_i="33" goal_j="130"/>
    <agent id="443" start_i="32" start_j="191" goal_i="89" goal_j="130"/>
    <agent id="444" start_i="141" start_j="252" goal_i="162" goal_j="49"/>
    <agent id="445" start_i="203" start_j="96" goal_i="200" goal_j="217"/>
    <agent id="446" start_i="159" start_j="135" goal_i="235" goal_j="64"/>
    <agent id="447" start_i="118" start_j="162" goal_i="100" goal_j="84"/>
    <agent id="448" start_i="79" start_j="74" goal_i="92" goal_j="219"/>
    <agent id="449" start_i="29" start_j="243" goal_i="90" goal_j="223"/>
    <agent id="450" start_i="132" start_j="177" goal_i="80" goal_j="236"/>
    <agent id="451" start_i="31" start_j="243" goal_i="79" goal_j="175"/>
    <agent id="452" start_i="86" start_j="194" goal_i="84" goal_j="130"/>
    <agent id="453" start_i="156" start_j="145" goal_i="116" goal_j="176"/>
    <agent id="454" start_i="220" start_j="106" goal_i="72" goal_j="203"/>
    <agent id="455" start_i="75" start_j="200" goal_i="162" goal_j="159"/>
    <agent id="456" start_i="52" start_j="114" goal_i="66" goal_j="229"/>
    <agent id="457" start_i="165" start_j="103" goal_i="143" goal_j="78"/>
    <agent id="458" start_i="74" start_j="69" goal_i="172" goal_j="45"/>
    <agent id="459" start_i="145" start_j="96" goal_i="112" goal_j="141"/>
    <agent id="460" start_i="89" start_j="157" goal_i="102" goal_j="101"/>
    <agent id="461" start_i="176" start_j="52" goal_i="53" goal_j="74"/>
    <agent id="462" start_i="35" start_j="212" goal_i="96" goal_j="125"/>
    <agent id="463" start_i="219" start_j="68" goal_i="69" goal_j="168"/>
    <agent id="464" start_i="112" start_j="235" goal_i="75" goal_j="204"/>
    <agent id="465" start_i="46" start_j="59" goal_i="157" goal_j="161"/>
    <agent id="466" start_i="118" start_j="118" goal_i="81" goal_j="203"/>
    <agent id="467" start_i="196" start_j="208" goal_i="176" goal_j="29"/>
    <agent id="468" start_i="124" start_j="236" goal_i="22" goal_j="239"/>
    <agent id="469" start_i="47" start_j="155" goal_i="61" goal_j="203"/>
    <agent id="470" start_i="39" start_j="59" goal_i="103" goal_j="82"/>
    <agent id="471" start_i="70" start_j="168" goal_i="66" goal_j="172"/>
    <agent id="472" start_i="152" start_j="175" goal_i="169" goal_j="31"/>
    <agent id="473" start_i="42" start_j="95" goal_i="89" goal_j="52"/>
    <agent id="474" start_i="93" start_j="117" goal_i="167" goal_j="167"/>
    <agent id="475" start_i="90" start_j="215" goal_i="44" goal_j="160"/>
    <agent id="476" start_i="168" start_j="63" goal_i="49" goal_j="159"/>
    <agent id="477" start_i="88" start_j="82" goal_i="154" goal_j="131"/>
    <agent id="478" start_i="222" start_j="86" goal_i="174" goal_j="163"/>
    <agent id="479" start_i="147" start_j="14" goal_i="71" goal_j="211"/>
    <agent id="480" start_i="41" start_j="150" goal_i="31" goal_j="186"/>
    <agent id="481" start_i="99" start_j="126" goal_i="99" goal_j="84"/>
    <agent id="482" start_i="70" start_j="179" goal_i="225" goal_j="130"/>
    <agent id="483" start_i="140" start_j="57" goal_i="168" goal_j="170"/>
    <agent id="484" start_i="165" start_j="126" goal_i="79" goal_j="50"/>
    <agent id="485" start_i="111" start_j="123" goal_i="103" goal_j="95"/>
    <agent id="486" start_i="150" start_j="20" goal_i="230" goal_j="70"/>
    <agent id="487" start_i="46" start_j="52" goal_i="53" goal_j="159"/>
    <agent id="488" start_i="154" start_j="64" goal_i="188" goal_j="223"/>
    <agent id="489" start_i="90" start_j="159" goal_i="102" goal_j="107"/>
    <agent id="490" start_i="155" start_j="76" goal_i="66" goal_j="67"/>
    <agent id="491" start_i="150" start_j="186" goal_i="104" goal_j="169"/>
    <agent id="492" start_i="64" start_j="174" goal_i="160" goal_j="169"/>
    <agent id="493" start_i="73" start_j="32" goal_i="161" goal_j="70"/>
    <agent id="494" start_i="141" start_j="40" goal_i="95" goal_j="136"/>
    <agent id="495" start_i="129" start_j="161" goal_i="151" goal_j="167"/>
    <agent id="496" start_i="79" start_j="185" goal_i="86" goal_j="81"/>
    <agent id="497" start_i="154" start_j="22" goal_i="56" goal_j="192"/>
    <agent id="498" start_i="184" start_j="15" goal_i="131" goal_j="224"/>
    <agent id="499" start_i="169" start_j="119" goal_i="203" goal_j="71"/>
    <agent id="500" start_i="126" start_j="213" goal_i="31" goal_j="69"/>
    <agent id="501" start_i="174" start_j="154" goal_i="172" goal_j="24"/>
    <agent id="502" start_i="226" start_j="142" goal_i="108" goal_j="173"/>
    <agent id="503" start_i="120" start_j="158" goal_i="173" goal_j="101"/>
    <agent id="504" start_i="52" start_j="207" goal_i="94" goal_j="163"/>
    <agent id="505" start_i="138" start_j="72" goal_i="176" goal_j="41"/>
    <agent id="506" start_i="223" start_j="102" goal_i="31" goal_j="125"/>
    <agent id="507" start_i="156" start_j="88" goal_i="143" goal_j="8"/>
    <agent id="508" start_i="209" start_j="139" goal_i="74" goal_j="62"/>
    <agent id="509" start_i="175" start_j="123" goal_i="187" goal_j="202"/>
    <agent id="510" start_i="97" start_j="78" goal_i="145" goal_j="30"/>
    <agent id="511" start_i="212" start_j="102" goal_i="173" goal_j="155"/>
    <agent id="512" start_i="142" start_j="52" goal_i="224" goal_j="144"/>
    <agent id="513" start_i="201" start_j="70" goal_i="178" goal_j="95"/>
    <agent id="514" start_i="48" start_j="101" goal_i="220" goal_j="92"/>
    <agent id="515" start_i="180" start_j="206" goal_i="166" goal_j="100"/>
    <agent id="516" start_i="45" start_j="89" goal_i="203" goal_j="82"/>
    <agent id="517" start_i="178" start_j="171" goal_i="131" goal_j="165"/>
    <agent id="518" start_i="137" start_j="74" goal_i="84" goal_j="211"/>
    <agent id="519" start_i="169" start_j="142" goal_i="188" goal_j="218"/>
    <agent id="520" start_i="78" start_j="67" goal_i="83" goal_j="85"/>
    <agent id="521" start_i="37" start_j="236" goal_i="186" goal_j="213"/>
    <agent id="522" start_i="100" start_j="232" goal_i="82" goal_j="184"/>
    <agent id="523" start_i="106" start_j="165" goal_i="115" goal_j="113"/>
    <agent id="524" start_i="94" start_j="161" goal_i="80" goal_j="117"/>
    <agent id="525" start_i="96" start_j="78" goal_i="164" goal_j="164"/>
    <agent id="526" start_i="95" start_j="174" goal_i="26" goal_j="160"/>
    <agent id="527" start_i="24" start_j="130" goal_i="23" goal_j="185"/>
    <agent id="528" start_i="84" start_j="51" goal_i="87" goal_j="239"/>
    <agent id="529" start_i="47" start_j="79" goal_i="46" goal_j="140"/>
    <agent id="530" start_i="53" start_j="187" goal_i="44" goal_j="53"/>
    <agent id="531" start_i="19" start_j="182" goal_i="138" goal_j="69"/>
    <agent id="532" start_i="169" start_j="124" goal_i="205" goal_j="95"/>
    <agent id="533" start_i="77" start_j="173" goal_i="222" goal_j="78"/>
    <agent id="534" start_i="88" start_j="236" goal_i="60" goal_j="236"/>
    <agent id="535" start_i="35" start_j="188" goal_i="55" goal_j="246"/>
    <agent id="536" start_i="163" start_j="122" goal_i="175" goal_j="167"/>
    <agent id="537" start_i="165" start_j="121" goal_i="189" goal_j="71"/>
    <agent id="538" start_i="67" start_j="178" goal_i="210" goal_j="208"/>
    <agent id="539" start_i="78" start_j="187" goal_i="57" goal_j="55"/>
    <agent id="540" start_i="231" start_j="104" goal_i="207" goal_j="139"/>
    <agent id="541" start_i="52" start_j="243" goal_i="226" goal_j="84"/>
    <agent id="542" start_i="197" start_j="84" goal_i="221" goal_j="68"/>
    <agent id="543" start_i="167" start_j="162" goal_i="68" goal_j="218"/>
    <agent id="544" start_i="182" start_j="54" goal_i="143" goal_j="153"/>
    <agent id="545" start_i="186" start_j="66" goal_i="171" goal_j="18"/>
    <agent id="546" start_i="36" start_j="93" goal_i="39" goal_j="190"/>
    <agent id="547" start_i="104" start_j="176" goal_i="222" goal_j="99"/>
    <agent id="548" start_i="162" start_j="178" goal_i="63" goal_j="180"/>
    <agent id="549" start_i="91" start_j="207" goal_i="152" goal_j="48"/>
    <agent id="550" start_i="214" start_j="20" goal_i="155" goal_j="114"/>
    <agent id="551" start_i="186" start_j="229" goal_i="232" goal_j="134"/>
    <agent id="552" start_i="86" start_j="238" goal_i="164" goal_j="35"/>
    <agent id="553" start_i="125" start_j="240" goal_i="18" goal_j="137"/>
    <agent id="554" start_i="45" start_j="208" goal_i="161" goal_j="94"/>
    <agent id="555" start_i="153" start_j="87" goal_i="41" goal_j="237"/>
    <agent id="556" start_i="174" start_j="28" goal_i="160" goal_j="155"/>
    <agent id="557" start_i="182" start_j="203" goal_i="166" goal_j="189"/>
    <agent id="558" start_i="60" start_j="66" goal_i="126" goal_j="164"/>
    <agent id="559" start_i="88" start_j="98" goal_i="224" goal_j="74"/>
    <agent id="560" start_i="183" start_j="51" goal_i="148" goal_j="87"/>
    <agent id="561" start_i="99" start_j="146" goal_i="99" goal_j="79"/>
    <agent id="562" start_i="84" start_j="123" goal_i="88" goal_j="76"/>
    <agent id="563" start_i="106" start_j="93" goal_i="167" goal_j="26"/>
    <agent id="564" start_i="10" start_j="138" goal_i="84" goal_j="204"/>
    <agent id="565" start_i="154" start_j="133" goal_i="113" goal_j="176"/>
    <agent id="566" start_i="98" start_j="67" goal_i="160" goal_j="133"/>
    <agent id="567" start_i="180" start_j="50" goal_i="147" goal_j="132"/>
    <agent id="568" start_i="77" start_j="161" goal_i="195" goal_j="67"/>
    <agent id="569" start_i="154" start_j="100" goal_i="210" goal_j="215"/>
    <agent id="570" start_i="48" start_j="127" goal_i="139" goal_j="160"/>
    <agent id="571" start_i="167" start_j="43" goal_i="141" goal_j="151"/>
    <agent id="572" start_i="27" start_j="136" goal_i="234" goal_j="64"/>
    <agent id="573" start_i="170" start_j="178" goal_i="34" goal_j="84"/>
    <agent id="574" start_i="33" start_j="99" goal_i="157" goal_j="167"/>
    <agent id="575" start_i="186" start_j="94" goal_i="209" goal_j="134"/>
    <agent id="576" start_i="153" start_j="64" goal_i="99" goal_j="180"/>
    <agent id="577" start_i="49" start_j="90" goal_i="204" goal_j="202"/>
    <agent id="578" start_i="32" start_j="246" goal_i="114" goal_j="224"/>
    <agent id="579" start_i="29" start_j="205" goal_i="140" goal_j="88"/>
    <agent id="580" start_i="217" start_j="157" goal_i="24" goal_j="128"/>
    <agent id="581" start_i="56" start_j="61" goal_i="143" goal_j="92"/>
    <agent id="582" start_i="172" start_j="85" goal_i="105" goal_j="88"/>
    <agent id="583" start_i="29" start_j="246" goal_i="100" goal_j="121"/>
    <agent id="584" start_i="165" start_j="132" goal_i="63" goal_j="64"/>
    <agent id="585" start_i="61" start_j="51" goal_i="189" goal_j="84"/>
    <agent id="586" start_i="36" start_j="193" goal_i="33" goal_j="114"/>
    <agent id="587" start_i="33" start_j="212" goal_i="173" goal_j="77"/>
    <agent id="588" start_i="194" start_j="229" goal_i="41" goal_j="100"/>
    <agent id="589" start_i="206" start_j="213" goal_i="122" goal_j="228"/>
    <agent id="590" start_i="158" start_j="46" goal_i="27" goal_j="67"/>
    <agent id="591" start_i="199" start_j="79" goal_i="75" goal_j="71"/>
    <agent id="592" start_i="159" start_j="117" goal_i="46" goal_j="99"/>
    <agent id="593" start_i="80" start_j="111" goal_i="88" goal_j="206"/>
    <agent id="594" start_i="111" start_j="234" goal_i="159" goal_j="194"/>
    <agent id="595" start_i="98" start_j="108" goal_i="179" goal_j="201"/>
    <agent id="596" start_i="147" start_j="55" goal_i="41" goal_j="152"/>
    <agent id="597" start_i="110" start_j="107" goal_i="204" goal_j="199"/>
    <agent id="598" start_i="176" start_j="134" goal_i="221" goal_j="221"/>
    <agent id="599" start_i="48" start_j="120" goal_i="54" goal_j="82"/>
    <agent id="600" start_i="214" start_j="79" goal_i="102" goal_j="80"/>
    <agent id="601" start_i="137" start_j="215" goal_i="68" goal_j="167"/>
    <agent id="602" start_i="144" start_j="103" goal_i="41" goal_j="188"/>
    <agent id="603" start_i="130" start_j="218" goal_i="45" goal_j="80"/>
    <agent id="604" start_i="225" start_j="87" goal_i="183" goal_j="215"/>
    <agent id="605" start_i="91" start_j="184" goal_i="127" goal_j="185"/>
    <agent id="606" start_i="34" start_j="195" goal_i="185" goal_j="223"/>
    <agent id="607" start_i="176" start_j="65" goal_i="105" goal_j="92"/>
    <agent id="608" start_i="194" start_j="99" goal_i="39" goal_j="134"/>
    <agent id="609" start_i="176" start_j="73" goal_i="84" goal_j="185"/>
    <agent id="610" start_i="49" start_j="238" goal_i="164" goal_j="87"/>
    <agent id="611" start_i="156" start_j="92" goal_i="193" goal_j="68"/>
    <agent id="612" start_i="208" start_j="91" goal_i="169" goal_j="172"/>
    <agent id="613" start_i="150" start_j="85" goal_i="54" goal_j="202"/>
    <agent id="614" start_i="55" start_j="158" goal_i="76" goal_j="42"/>
    <agent id="615" start_i="102" start_j="130" goal_i="112" goal_j="123"/>
    <agent id="616" start_i="192" start_j="199" goal_i="218" goal_j="80"/>
    <agent id="617" start_i="70" start_j="164" goal_i="33" goal_j="172"/>
    <agent id="618" start_i="29" start_j="236" goal_i="175" goal_j="155"/>
    <agent id="619" start_i="67" start_j="128" goal_i="176" goal_j="45"/>
    <agent id="620" start_i="78" start_j="189" goal_i="188" goal_j="7"/>
    <agent id="621" start_i="68" start_j="190" goal_i="74" goal_j="53"/>
    <agent id="622" start_i="75" start_j="66" goal_i="114" goal_j="230"/>
    <agent id="623" start_i="69" start_j="58" goal_i="62" goal_j="189"/>
    <agent id="624" start_i="81" start_j="76" goal_i="29" goal_j="176"/>
    <agent id="625" start_i="36" start_j="190" goal_i="49" goal_j="247"/>
    <agent id="626" start_i="230" start_j="136" goal_i="208" goal_j="216"/>
    <agent id="627" start_i="92" start_j="80" goal_i="86" goal_j="52"/>
    <agent id="628" start_i="107" start_j="83" goal_i="168" goal_j="69"/>
    <agent id="629" start_i="175" start_j="164" goal_i="83" goal_j="79"/>
    <agent id="630" start_i="137" start_j="92" goal_i="35" goal_j="108"/>
    <agent id="631" start_i="157" start_j="84" goal_i="227" goal_j="96"/>
    <agent id="632" start_i="18" start_j="124" goal_i="169" goal_j="182"/>
    <agent id="633" start_i="113" start_j="240" goal_i="127" goal_j="166"/>
    <agent id="634" start_i="181" start_j="198" goal_i="205" goal_j="143"/>
    <agent id="635" start_i="133" start_j="217" goal_i="168" goal_j="45"/>
    <agent id="636" start_i="182" start_j="12" goal_i="156" goal_j="100"/>
    <agent id="637" start_i="39" start_j="120" goal_i="183" goal_j="57"/>
    <agent id="638" start_i="19" start_j="168" goal_i="185" goal_j="203"/>
    <agent id="639" start_i="53" start_j="197" goal_i="91" goal_j="106"/>
    <agent id="640" start_i="48" start_j="144" goal_i="157" goal_j="116"/>
    <agent id="641" start_i="103" start_j="157" goal_i="60" goal_j="240"/>
    <agent id="642" start_i="39" start_j="63" goal_i="36" goal_j="121"/>
    <agent id="643" start_i="73" start_j="26" goal_i="70" goal_j="209"/>
    <agent id="644" start_i="167" start_j="91" goal_i="150" goal_j="76"/>
    <agent id="645" start_i="78" start_j="201" goal_i="103" goal_j="218"/>
    <agent id="646" start_i="210" start_j="73" goal_i="62" goal_j="214"/>
    <agent id="647" start_i="76" start_j="243" goal_i="150" goal_j="25"/>
    <agent id="648" start_i="118" start_j="182" goal_i="38" goal_j="77"/>
    <agent id="649" start_i="76" start_j="246" goal_i="93" goal_j="144"/>
    <agent id="650" start_i="94" start_j="140" goal_i="41" goal_j="73"/>
    <agent id="651" start_i="35" start_j="105" goal_i="166" goal_j="178"/>
    <agent id="652" start_i="195" start_j="71" goal_i="166" goal_j="50"/>
    <agent id="653" start_i="86" start_j="70" goal_i="192" goal_j="92"/>
    <agent id="654" start_i="78" start_j="206" goal_i="130" goal_j="164"/>
    <agent id="655" start_i="179" start_j="60" goal_i="42" goal_j="133"/>
    <agent id="656" start_i="176" start_j="175" goal_i="215" goal_j="128"/>
    <agent id="657" start_i="37" start_j="168" goal_i="64" goal_j="58"/>
    <agent id="658" start_i="168" start_j="31" goal_i="96" goal_j="98"/>
    <agent id="659" start_i="52" start_j="79" goal_i="62" goal_j="173"/>
    <agent id="660" start_i="69" start_j="40" goal_i="137" goal_j="8"/>
    <agent id="661" start_i="184" start_j="229" goal_i="214" goal_j="130"/>
    <agent id="662" start_i="99" start_j="99" goal_i="229" goal_j="82"/>
    <agent id="663" start_i="183" start_j="208" goal_i="96" goal_j="225"/>
    <agent id="664" start_i="61" start_j="194" goal_i="58" goal_j="214"/>
    <agent id="665" start_i="211" start_j="18" goal_i="214" goal_j="75"/>
    <agent id="666" start_i="113" start_j="106" goal_i="50" goal_j="101"/>
    <agent id="667" start_i="78" start_j="73" goal_i="45" goal_j="128"/>
    <agent id="668" start_i="90" start_j="202" goal_i="190" goal_j="203"/>
    <agent id="669" start_i="53" start_j="77" goal_i="161" goal_j="135"/>
    <agent id="670" start_i="227" start_j="123" goal_i="93" goal_j="81"/>
    <agent id="671" start_i="155" start_j="15" goal_i="35" goal_j="177"/>
    <agent id="672" start_i="144" start_j="12" goal_i="158" goal_j="53"/>
    <agent id="673" start_i="208" start_j="8" goal_i="85" goal_j="172"/>
    <agent id="674" start_i="228" start_j="139" goal_i="100" goal_j="226"/>
    <agent id="675" start_i="220" start_j="90" goal_i="228" goal_j="92"/>
    <agent id="676" start_i="174" start_j="150" goal_i="72" goal_j="38"/>
    <agent id="677" start_i="61" start_j="52" goal_i="190" goal_j="80"/>
    <agent id="678" start_i="162" start_j="118" goal_i="228" goal_j="80"/>
    <agent id="679" start_i="80" start_j="96" goal_i="137" goal_j="251"/>
    <agent id="680" start_i="168" start_j="81" goal_i="151" goal_j="120"/>
    <agent id="681" start_i="144" start_j="61" goal_i="165" goal_j="130"/>
    <agent id="682" start_i="38" start_j="90" goal_i="158" goal_j="198"/>
    <agent id="683" start_i="231" start_j="155" goal_i="189" goal_j="239"/>
    <agent id="684" start_i="156" start_j="26" goal_i="188" goal_j="95"/>
    <agent id="685" start_i="42" start_j="219" goal_i="47" goal_j="166"/>
    <agent id="686" start_i="203" start_j="239" goal_i="220" goal_j="128"/>
    <agent id="687" start_i="32" start_j="172" goal_i="210" goal_j="225"/>
    <agent id="688" start_i="204" start_j="75" goal_i="139" goal_j="66"/>
    <agent id="689" start_i="59" start_j="51" goal_i="143" goal_j="86"/>
    <agent id="690" start_i="18" start_j="247" goal_i="99" goal_j="111"/>
    <agent id="691" start_i="176" start_j="224" goal_i="229" goal_j="132"/>
    <agent id="692" start_i="38" start_j="217" goal_i="195" goal_j="227"/>
    <agent id="693" start_i="137" start_j="162" goal_i="43" goal_j="161"/>
    <agent id="694" start_i="68" start_j="54" goal_i="82" goal_j="106"/>
    <agent id="695" start_i="161" start_j="183" goal_i="62" goal_j="68"/>
    <agent id="696" start_i="165" start_j="196" goal_i="162" goal_j="167"/>
    <agent id="697" start_i="138" start_j="179" goal_i="107" goal_j="231"/>
    <agent id="698" start_i="85" start_j="170" goal_i="180" goal_j="165"/>
    <agent id="699" start_i="114" start_j="154" goal_i="93" goal_j="217"/>
    <agent id="700" start_i="207" start_j="86" goal_i="164" goal_j="193"/>
    <agent id="701" start_i="97" start_j="77" goal_i="172" goal_j="179"/>
    <agent id="702" start_i="86" start_j="103" goal_i="84" goal_j="103"/>
    <agent id="703" start_i="170" start_j="154" goal_i="84" goal_j="173"/>
    <agent id="704" start_i="36" start_j="133" goal_i="40" goal_j="238"/>
    <agent id="705" start_i="172" start_j="132" goal_i="83" goal_j="42"/>
    <agent id="706" start_i="81" start_j="61" goal_i="157" goal_j="34"/>
    <agent id="707" start_i="127" start_j="223" goal_i="205" goal_j="149"/>
    <agent id="708" start_i="155" start_j="192" goal_i="67" goal_j="213"/>
    <agent id="709" start_i="69" start_j="50" goal_i="65" goal_j="234"/>
    <agent id="710" start_i="188" start_j="79" goal_i="60" goal_j="81"/>
    <agent id="711" start_i="79" start_j="213" goal_i="49" goal_j="71"/>
    <agent id="712" start_i="56" start_j="53" goal_i="74" goal_j="21"/>
    <agent id="713" start_i="34" start_j="191" goal_i="223" goal_j="150"/>
    <agent id="714" start_i="184" start_j="30" goal_i="180" goal_j="29"/>
    <agent id="715" start_i="95" start_j="152" goal_i="186" goal_j="84"/>
    <agent id="716" start_i="50" start_j="107" goal_i="19" goal_j="180"/>
    <agent id="717" start_i="87" start_j="162" goal_i="85" goal_j="127"/>
    <agent id="718" start_i="141" start_j="146" goal_i="183" goal_j="97"/>
    <agent id="719" start_i="163" start_j="120" goal_i="108" goal_j="227"/>
    <agent id="720" start_i="34" start_j="242" goal_i="166" goal_j="157"/>
    <agent id="721" start_i="199" start_j="205" goal_i="98" goal_j="116"/>
    <agent id="722" start_i="69" start_j="193" goal_i="166" goal_j="103"/>
    <agent id="723" start_i="84" start_j="208" goal_i="163" goal_j="182"/>
    <agent id="724" start_i="220" start_j="68" goal_i="214" goal_j="237"/>
    <agent id="725" start_i="147" start_j="83" goal_i="14" goal_j="137"/>
    <agent id="726" start_i="179" start_j="88" goal_i="158" goal_j="79"/>
    <agent id="727" start_i="101" start_j="113" goal_i="100" goal_j="234"/>
    <agent id="728" start_i="203" start_j="147" goal_i="63" goal_j="207"/>
    <agent id="729" start_i="72" start_j="67" goal_i="110" goal_j="179"/>
    <agent id="730" start_i="71" start_j="128" goal_i="211" goal_j="209"/>
    <agent id="731" start_i="201" start_j="78" goal_i="83" goal_j="93"/>
    <agent id="732" start_i="94" start_j="107" goal_i="145" goal_j="155"/>
    <agent id="733" start_i="31" start_j="154" goal_i="36" goal_j="239"/>
    <agent id="734" start_i="73" start_j="29" goal_i="20" goal_j="147"/>
    <agent id="735" start_i="72" start_j="239" goal_i="114" goal_j="175"/>
    <agent id="736" start_i="195" start_j="96" goal_i="154" goal_j="187"/>
    <agent id="737" start_i="160" start_j="164" goal_i="51" goal_j="115"/>
    <agent id="738" start_i="53" start_j="205" goal_i="154" goal_j="15"/>
    <agent id="739" start_i="155" start_j="111" goal_i="17" goal_j="240"/>
    <agent id="740" start_i="200" start_j="200" goal_i="75" goal_j="222"/>
    <agent id="741" start_i="151" start_j="59" goal_i="74" goal_j="70"/>
    <agent id="742" start_i="31" start_j="246" goal_i="75" goal_j="208"/>
    <agent id="743" start_i="182" start_j="95" goal_i="154" goal_j="68"/>
    <agent id="744" start_i="189" start_j="213" goal_i="58" goal_j="89"/>
    <agent id="745" start_i="222" start_j="140" goal_i="179" goal_j="53"/>
    <agent id="746" start_i="178" start_j="155" goal_i="74" goal_j="199"/>
    <agent id="747" start_i="29" start_j="144" goal_i="82" goal_j="79"/>
    <agent id="748" start_i="132" start_j="248" goal_i="221" goal_j="127"/>
    <agent id="749" start_i="177" start_j="67" goal_i="78" goal_j="172"/>
    <agent id="750" start_i="193" start_j="70" goal_i="158" goal_j="9"/>
    <agent id="751" start_i="83" start_j="65" goal_i="170" goal_j="75"/>
    <agent id="752" start_i="78" start_j="184" goal_i="175" goal_j="218"/>
    <agent id="753" start_i="125" start_j="229" goal_i="105" goal_j="121"/>
    <agent id="754" start_i="111" start_j="163" goal_i="21" goal_j="237"/>
    <agent id="755" start_i="26" start_j="162" goal_i="64" goal_j="199"/>
    <agent id="756" start_i="163" start_j="139" goal_i="59" goal_j="165"/>
    <agent id="757" start_i="104" start_j="142" goal_i="175" goal_j="46"/>
    <agent id="758" start_i="110" start_j="229" goal_i="55" goal_j="185"/>
    <agent id="759" start_i="4" start_j="245" goal_i="156" goal_j="193"/>
    <agent id="760" start_i="143" start_j="89" goal_i="177" goal_j="230"/>
    <agent id="761" start_i="43" start_j="244" goal_i="30" goal_j="153"/>
    <agent id="762" start_i="41" start_j="213" goal_i="45" goal_j="186"/>
    <agent id="763" start_i="163" start_j="173" goal_i="161" goal_j="170"/>
    <agent id="764" start_i="19" start_j="239" goal_i="33" goal_j="250"/>
    <agent id="765" start_i="136" start_j="79" goal_i="91" goal_j="120"/>
    <agent id="766" start_i="65" start_j="70" goal_i="150" goal_j="42"/>
    <agent id="767" start_i="127" start_j="168" goal_i="51" goal_j="49"/>
    <agent id="768" start_i="104" start_j="157" goal_i="160" goal_j="33"/>
    <agent id="769" start_i="116" start_j="227" goal_i="76" goal_j="53"/>
    <agent id="770" start_i="103" start_j="106" goal_i="101" goal_j="243"/>
    <agent id="771" start_i="137" start_j="183" goal_i="172" goal_j="76"/>
    <agent id="772" start_i="144" start_j="44" goal_i="56" goal_j="159"/>
    <agent id="773" start_i="117" start_j="162" goal_i="72" goal_j="32"/>
    <agent id="774" start_i="98" start_j="219" goal_i="176" goal_j="178"/>
    <agent id="775" start_i="82" start_j="170" goal_i="117" goal_j="119"/>
    <agent id="776" start_i="181" start_j="81" goal_i="58" goal_j="46"/>
    <agent id="777" start_i="158" start_j="64" goal_i="181" goal_j="216"/>
    <agent id="778" start_i="34" start_j="122" goal_i="35" goal_j="132"/>
    <agent id="779" start_i="84" start_j="217" goal_i="58" goal_j="201"/>
    <agent id="780" start_i="227" start_j="77" goal_i="172" goal_j="151"/>
    <agent id="781" start_i="175" start_j="69" goal_i="52" goal_j="98"/>
    <agent id="782" start_i="100" start_j="105" goal_i="39" goal_j="119"/>
    <agent id="783" start_i="160" start_j="147" goal_i="106" goal_j="226"/>
    <agent id="784" start_i="50" start_j="152" goal_i="64" goal_j="41"/>
    <agent id="785" start_i="217" start_j="140" goal_i="138" goal_j="9"/>
    <agent id="786" start_i="58" start_j="218" goal_i="207" goal_j="232"/>
    <agent id="787" start_i="33" start_j="214" goal_i="159" goal_j="175"/>
    <agent id="788" start_i="71" start_j="45" goal_i="176" goal_j="165"/>
    <agent id="789" start_i="83" start_j="91" goal_i="52" goal_j="99"/>
    <agent id="790" start_i="71" start_j="44" goal_i="167" goal_j="61"/>
    <agent id="791" start_i="90" start_j="65" goal_i="224" goal_j="123"/>
    <agent id="792" start_i="218" start_j="216" goal_i="60" goal_j="179"/>
    <agent id="793" start_i="45" start_j="131" goal_i="217" goal_j="85"/>
    <agent id="794" start_i="149" start_j="15" goal_i="144" goal_j="43"/>
    <agent id="795" start_i="193" start_j="200" goal_i="229" goal_j="85"/>
    <agent id="796" start_i="197" start_j="68" goal_i="36" goal_j="199"/>
    <agent id="797" start_i="140" start_j="32" goal_i="130" goal_j="225"/>
    <agent id="798" start_i="136" start_j="249" goal_i="146" goal_j="8"/>
    <agent id="799" start_i="108" start_j="244" goal_i="226" goal_j="71"/>
    <agent id="800" start_i="126" start_j="239" goal_i="52" goal_j="68"/>
    <agent id="801" start_i="186" start_j="225" goal_i="211" goal_j="222"/>
    <agent id="802" start_i="68" start_j="66" goal_i="61" goal_j="224"/>
    <agent id="803" start_i="134" start_j="44" goal_i="218" goal_j="124"/>
    <agent id="804" start_i="173" start_j="107" goal_i="95" goal_j="93"/>
    <agent id="805" start_i="200" start_j="9" goal_i="159" goal_j="86"/>
    <agent id="806" start_i="79" start_j="203" goal_i="92" goal_j="151"/>
    <agent id="807" start_i="149" start_j="16" goal_i="203" goal_j="210"/>
    <agent id="808" start_i="91" start_j="239" goal_i="177" goal_j="168"/>
    <agent id="809" start_i="175" start_j="152" goal_i="62" goal_j="188"/>
    <agent id="810" start_i="99" start_j="232" goal_i="39" goal_j="132"/>
    <agent id="811" start_i="80" start_j="190" goal_i="166" goal_j="175"/>
    <agent id="812" start_i="143" start_j="61" goal_i="162" goal_j="25"/>
    <agent id="813" start_i="58" start_j="62" goal_i="56" goal_j="203"/>
    <agent id="814" start_i="110" start_j="244" goal_i="42" goal_j="187"/>
    <agent id="815" start_i="180" start_j="38" goal_i="78" goal_j="68"/>
    <agent id="816" start_i="103" start_j="167" goal_i="218" goal_j="85"/>
    <agent id="817" start_i="140" start_j="17" goal_i="214" goal_j="99"/>
    <agent id="818" start_i="104" start_j="219" goal_i="218" goal_j="99"/>
    <agent id="819" start_i="76" start_j="51" goal_i="144" goal_j="150"/>
    <agent id="820" start_i="104" start_j="105" goal_i="204" goal_j="14"/>
    <agent id="821" start_i="68" start_j="235" goal_i="65" goal_j="205"/>
    <agent id="822" start_i="95" start_j="155" goal_i="173" goal_j="148"/>
    <agent id="823" start_i="66" start_j="183" goal_i="171" goal_j="80"/>
    <agent id="824" start_i="190" start_j="237" goal_i="233" goal_j="97"/>
    <agent id="825" start_i="37" start_j="218" goal_i="3" goal_j="243"/>
    <agent id="826" start_i="214" start_j="125" goal_i="159" goal_j="129"/>
    <agent id="827" start_i="210" start_j="20" goal_i="160" goal_j="22"/>
    <agent id="828" start_i="18" start_j="139" goal_i="155" goal_j="55"/>
    <agent id="829" start_i="66" start_j="240" goal_i="66" goal_j="232"/>
    <agent id="830" start_i="91" start_j="214" goal_i="161" goal_j="7"/>
    <agent id="831" start_i="144" start_j="27" goal_i="161" goal_j="33"/>
    <agent id="832" start_i="13" start_j="235" goal_i="85" goal_j="233"/>
    <agent id="833" start_i="180" start_j="149" goal_i="225" goal_j="99"/>
    <agent id="834" start_i="116" start_j="112" goal_i="90" goal_j="91"/>
    <agent id="835" start_i="46" start_j="61" goal_i="172" goal_j="10"/>
    <agent id="836" start_i="144" start_j="176" goal_i="155" goal_j="185"/>
    <agent id="837" start_i="151" start_j="70" goal_i="215" goal_j="119"/>
    <agent id="838" start_i="70" start_j="212" goal_i="151" goal_j="189"/>
    <agent id="839" start_i="122" start_j="243" goal_i="62" goal_j="243"/>
    <agent id="840" start_i="215" start_j="131" goal_i="118" goal_j="152"/>
    <agent id="841" start_i="51" start_j="180" goal_i="103" goal_j="147"/>
    <agent id="842" start_i="85" start_j="236" goal_i="155" goal_j="144"/>
    <agent id="843" start_i="86" start_j="221" goal_i="213" goal_j="134"/>
    <agent id="844" start_i="230" start_j="157" goal_i="179" goal_j="33"/>
    <agent id="845" start_i="59" start_j="188" goal_i="68" goal_j="41"/>
    <agent id="846" start_i="214" start_j="71" goal_i="54" goal_j="74"/>
    <agent id="847" start_i="104" start_j="150" goal_i="39" goal_j="57"/>
    <agent id="848" start_i="174" start_j="136" goal_i="145" goal_j="35"/>
    <agent id="849" start_i="89" start_j="190" goal_i="94" goal_j="114"/>
    <agent id="850" start_i="47" start_j="81" goal_i="47" goal_j="98"/>
    <agent id="851" start_i="96" start_j="97" goal_i="226" goal_j="154"/>
    <agent id="852" start_i="168" start_j="13" goal_i="152" goal_j="140"/>
    <agent id="853" start_i="97" start_j="242" goal_i="205" goal_j="69"/>
    <agent id="854" start_i="55" start_j="177" goal_i="37" goal_j="144"/>
    <agent id="855" start_i="75" start_j="181" goal_i="77" goal_j="228"/>
    <agent id="856" start_i="150" start_j="130" goal_i="167" goal_j="135"/>
    <agent id="857" start_i="93" start_j="216" goal_i="222" goal_j="109"/>
    <agent id="858" start_i="113" start_j="178" goal_i="196" goal_j="72"/>
    <agent id="859" start_i="32" start_j="180" goal_i="180" goal_j="151"/>
    <agent id="860" start_i="93" start_j="67" goal_i="203" goal_j="141"/>
    <agent id="861" start_i="69" start_j="185" goal_i="13" goal_j="125"/>
    <agent id="862" start_i="226" start_j="65" goal_i="76" goal_j="24"/>
    <agent id="863" start_i="175" start_j="197" goal_i="162" goal_j="146"/>
    <agent id="864" start_i="3" start_j="238" goal_i="85" goal_j="217"/>
    <agent id="865" start_i="65" start_j="56" goal_i="164" goal_j="62"/>
    <agent id="866" start_i="172" start_j="126" goal_i="211" goal_j="154"/>
    <agent id="867" start_i="127" start_j="157" goal_i="36" goal_j="128"/>
    <agent id="868" start_i="177" start_j="18" goal_i="166" goal_j="132"/>
    <agent id="869" start_i="162" start_j="28" goal_i="149" goal_j="153"/>
    <agent id="870" start_i="167" start_j="66" goal_i="120" goal_j="165"/>
    <agent id="871" start_i="168" start_j="121" goal_i="118" goal_j="160"/>
    <agent id="872" start_i="55" start_j="57" goal_i="57" goal_j="78"/>
    <agent id="873" start_i="216" start_j="215" goal_i="140" goal_j="40"/>
    <agent id="874" start_i="214" start_j="80" goal_i="21" goal_j="164"/>
    <agent id="875" start_i="194" start_j="205" goal_i="149" goal_j="135"/>
    <agent id="876" start_i="87" start_j="206" goal_i="113" goal_j="123"/>
    <agent id="877" start_i="221" start_j="132" goal_i="206" goal_j="140"/>
    <agent id="878" start_i="41" start_j="125" goal_i="92" goal_j="69"/>
    <agent id="879" start_i="122" start_j="240" goal_i="184" goal_j="221"/>
    <agent id="880" start_i="214" start_j="113" goal_i="160" goal_j="193"/>
    <agent id="881" start_i="158" start_j="163" goal_i="150" goal_j="187"/>
    <agent id="882" start_i="157" start_j="156" goal_i="124" goal_j="183"/>
    <agent id="883" start_i="112" start_j="112" goal_i="77" goal_j="79"/>
    <agent id="884" start_i="15" start_j="139" goal_i="50" goal_j="61"/>
    <agent id="885" start_i="194" start_j="250" goal_i="179" goal_j="37"/>
    <agent id="886" start_i="150" start_j="107" goal_i="75" goal_j="225"/>
    <agent id="887" start_i="54" start_j="91" goal_i="94" goal_j="235"/>
    <agent id="888" start_i="88" start_j="162" goal_i="218" goal_j="217"/>
    <agent id="889" start_i="178" start_j="201" goal_i="92" goal_j="154"/>
    <agent id="890" start_i="158" start_j="23" goal_i="200" goal_j="230"/>
    <agent id="891" start_i="81" start_j="230" goal_i="51" goal_j="237"/>
    <agent id="892" start_i="33" start_j="69" goal_i="90" goal_j="92"/>
    <agent id="893" start_i="66" start_j="53" goal_i="88" goal_j="171"/>
    <agent id="894" start_i="76" start_j="73" goal_i="162" goal_j="40"/>
    <agent id="895" start_i="32" start_j="206" goal_i="80" goal_j="84"/>
    <agent id="896" start_i="22" start_j="164" goal_i="171" goal_j="153"/>
    <agent id="897" start_i="153" start_j="153" goal_i="138" goal_j="182"/>
    <agent id="898" start_i="44" start_j="88" goal_i="147" goal_j="184"/>
    <agent id="899" start_i="130" start_j="160" goal_i="183" goal_j="167"/>
    <agent id="900" start_i="195" start_j="219" goal_i="39" goal_j="82"/>
    <agent id="901" start_i="158" start_j="20" goal_i="199" goal_j="77"/>
    <agent id="902" start_i="170" start_j="181" goal_i="64" goal_j="166"/>
    <agent id="903" start_i="152" start_j="87" goal_i="146" goal_j="92"/>
    <agent id="904" start_i="92" start_j="184" goal_i="50" goal_j="165"/>
    <agent id="905" start_i="187" start_j="9" goal_i="158" goal_j="148"/>
    <agent id="906" start_i="143" start_j="176" goal_i="169" goal_j="127"/>
    <agent id="907" start_i="195" start_j="70" goal_i="20" goal_j="138"/>
    <agent id="908" start_i="182" start_j="13" goal_i="121" goal_j="232"/>
    <agent id="909" start_i="162" start_j="163" goal_i="53" goal_j="249"/>
    <agent id="910" start_i="38" start_j="232" goal_i="223" goal_j="157"/>
    <agent id="911" start_i="49" start_j="72" goal_i="201" goal_j="221"/>
    <agent id="912" start_i="99" start_j="136" goal_i="9" goal_j="138"/>
    <agent id="913" start_i="87" start_j="81" goal_i="46" goal_j="186"/>
    <agent id="914" start_i="98" start_j="241" goal_i="145" goal_j="26"/>
    <agent id="915" start_i="197" start_j="82" goal_i="96" goal_j="131"/>
    <agent id="916" start_i="224" start_j="125" goal_i="119" goal_j="153"/>
    <agent id="917" start_i="63" start_j="216" goal_i="36" goal_j="191"/>
    <agent id="918" start_i="181" start_j="168" goal_i="104" goal_j="217"/>
    <agent id="919" start_i="42" start_j="66" goal_i="142" goal_j="99"/>
    <agent id="920" start_i="53" start_j="220" goal_i="99" goal_j="173"/>
    <agent id="921" start_i="136" start_j="58" goal_i="175" goal_j="159"/>
    <agent id="922" start_i="138" start_j="43" goal_i="84" goal_j="131"/>
    <agent id="923" start_i="146" start_j="29" goal_i="218" goal_j="96"/>
    <agent id="924" start_i="218" start_j="101" goal_i="212" goal_j="217"/>
    <agent id="925" start_i="67" start_j="203" goal_i="79" goal_j="55"/>
    <agent id="926" start_i="100" start_j="241" goal_i="112" goal_j="165"/>
    <agent id="927" start_i="17" start_j="126" goal_i="178" goal_j="78"/>
    <agent id="928" start_i="65" start_j="194" goal_i="37" goal_j="136"/>
    <agent id="929" start_i="180" start_j="77" goal_i="46" goal_j="107"/>
    <agent id="930" start_i="143" start_j="146" goal_i="200" goal_j="18"/>
    <agent id="931" start_i="137" start_j="85" goal_i="146" goal_j="51"/>
    <agent id="932" start_i="158" start_j="93" goal_i="191" goal_j="99"/>
    <agent id="933" start_i="67" start_j="40" goal_i="168" goal_j="197"/>
    <agent id="934" start_i="160" start_j="160" goal_i="34" goal_j="210"/>
    <agent id="935" start_i="44" start_j="130" goal_i="170" goal_j="107"/>
    <agent id="936" start_i="176" start_j="151" goal_i="205" goal_j="12"/>
    <agent id="937" start_i="188" start_j="228" goal_i="160" goal_j="182"/>
    <agent id="938" start_i="176" start_j="81" goal_i="163" goal_j="82"/>
    <agent id="939" start_i="53" start_j="248" goal_i="112" goal_j="174"/>
    <agent id="940" start_i="165" start_j="152" goal_i="227" goal_j="116"/>
    <agent id="941" start_i="82" start_j="181" goal_i="152" goal_j="64"/>
    <agent id="942" start_i="117" start_j="172" goal_i="91" goal_j="56"/>
    <agent id="943" start_i="32" start_j="69" goal_i="80" goal_j="73"/>
    <agent id="944" start_i="33" start_j="215" goal_i="111" goal_j="124"/>
    <agent id="945" start_i="49" start_j="165" goal_i="79" goal_j="189"/>
    <agent id="946" start_i="79" start_j="168" goal_i="147" goal_j="32"/>
    <agent id="947" start_i="69" start_j="49" goal_i="76" goal_j="190"/>
    <agent id="948" start_i="76" start_j="181" goal_i="165" goal_j="194"/>
    <agent id="949" start_i="210" start_j="8" goal_i="68" goal_j="237"/>
    <agent id="950" start_i="94" start_j="229" goal_i="116" goal_j="150"/>
    <agent id="951" start_i="20" start_j="233" goal_i="17" goal_j="244"/>
    <agent id="952" start_i="23" start_j="144" goal_i="159" goal_j="75"/>
    <agent id="953" start_i="92" start_j="221" goal_i="85" goal_j="181"/>
    <agent id="954" start_i="170" start_j="99" goal_i="171" goal_j="144"/>
    <agent id="955" start_i="15" start_j="164" goal_i="202" goal_j="207"/>
    <agent id="956" start_i="90" start_j="86" goal_i="23" goal_j="247"/>
    <agent id="957" start_i="102" start_j="138" goal_i="29" goal_j="172"/>
    <agent id="958" start_i="57" start_j="85" goal_i="59" goal_j="89"/>
    <agent id="959" start_i="215" start_j="217" goal_i="162" goal_j="87"/>
    <agent id="960" start_i="67" start_j="182" goal_i="210" goal_j="19"/>
    <agent id="961" start_i="131" start_j="234" goal_i="223" goal_j="153"/>
    <agent id="962" start_i="121" start_j="228" goal_i="42" goal_j="250"/>
    <agent id="963" start_i="92" start_j="172" goal_i="36" goal_j="134"/>
    <agent id="964" start_i="4" start_j="244" goal_i="56" goal_j="221"/>
    <agent id="965" start_i="69" start_j="127" goal_i="45" goal_j="133"/>
    <agent id="966" start_i="92" start_j="223" goal_i="222" goal_j="90"/>
    <agent id="967" start_i="224" start_j="73" goal_i="153" goal_j="15"/>
    <agent id="968" start_i="101" start_j="81" goal_i="158" goal_j="90"/>
    <agent id="969" start_i="101" start_j="111" goal_i="89" goal_j="166"/>
    <agent id="970" start_i="96" start_j="67" goal_i="59" goal_j="88"/>
    <agent id="971" start_i="120" start_j="232" goal_i="157" goal_j="166"/>
    <agent id="972" start_i="91" start_j="82" goal_i="77" goal_j="184"/>
    <agent id="973" start_i="52" start_j="110" goal_i="169" goal_j="145"/>
    <agent id="974" start_i="36" start_j="209" goal_i="103" goal_j="184"/>
    <agent id="975" start_i="229" start_j="71" goal_i="150" goal_j="146"/>
    <agent id="976" start_i="40" start_j="143" goal_i="180" goal_j="27"/>
    <agent id="977" start_i="60" start_j="178" goal_i="92" goal_j="115"/>
    <agent id="978" start_i="56" start_j="171" goal_i="175" goal_j="10"/>
    <agent id="979" start_i="45" start_j="179" goal_i="104" goal_j="242"/>
    <agent id="980" start_i="107" start_j="94" goal_i="81" goal_j="88"/>
    <agent id="981" start_i="187" start_j="92" goal_i="206" goal_j="146"/>
    <agent id="982" start_i="47" start_j="103" goal_i="117" goal_j="175"/>
    <agent id="983" start_i="169" start_j="168" goal_i="197" goal_j="73"/>
    <agent id="984" start_i="95" start_j="61" goal_i="27" goal_j="153"/>
    <agent id="985" start_i="197" start_j="89" goal_i="52" goal_j="138"/>
    <agent id="986" start_i="44" start_j="250" goal_i="49" goal_j="245"/>
    <agent id="987" start_i="73" start_j="40" goal_i="90" goal_j="132"/>
    <agent id="988" start_i="39" start_j="66" goal_i="204" goal_j="221"/>
    <agent id="989" start_i="156" start_j="65" goal_i="202" goal_j="225"/>
    <agent id="990" start_i="168" start_j="167" goal_i="42" goal_j="173"/>
    <agent id="991" start_i="211" start_j="6" goal_i="198" goal_j="70"/>
    <agent id="992" start_i="46" start_j="181" goal_i="80" goal_j="71"/>
    <agent id="993" start_i="93" start_j="164" goal_i="105" goal_j="81"/>
    <agent id="994" start_i="158" start_j="47" goal_i="42" goal_j="154"/>
    <agent id="995" start_i="159" start_j="95" goal_i="147" goal_j="6"/>
    <agent id="996" start_i="53" start_j="241" goal_i="96" goal_j="72"/>
    <agent id="997" start_i="197" start_j="206" goal_i="81" goal_j="210"/>
    <agent id="998" start_i="70" start_j="177" goal_i="73" goal_j="17"/>
    <agent id="999" start_i="83" start_j="194" goal_i="146" goal_j="22"/>
</root>
