<?xml version="1.0" ?>
<root>
   <agent start_id="60" goal_id="137"/>
   <agent start_id="57" goal_id="157"/>
   <agent start_id="122" goal_id="55"/>
   <agent start_id="42" goal_id="143"/>
   <agent start_id="106" goal_id="142"/>
   <agent start_id="107" goal_id="101"/>
   <agent start_id="64" goal_id="100"/>
   <agent start_id="25" goal_id="59"/>
   <agent start_id="9" goal_id="45"/>
   <agent start_id="10" goal_id="46"/>
   <agent start_id="135" goal_id="168"/>
   <agent start_id="138" goal_id="4"/>
   <agent start_id="123" goal_id="158"/>
   <agent start_id="82" goal_id="118"/>
   <agent start_id="41" goal_id="117"/>
   <agent start_id="142" goal_id="76"/>
   <agent start_id="155" goal_id="21"/>
   <agent start_id="73" goal_id="108"/>
   <agent start_id="72" goal_id="65"/>
   <agent start_id="94" goal_id="130"/>
   <agent start_id="160" goal_id="52"/>
   <agent start_id="12" goal_id="48"/>
   <agent start_id="11" goal_id="110"/>
   <agent start_id="141" goal_id="155"/>
   <agent start_id="152" goal_id="84"/>
   <agent start_id="8" goal_id="43"/>
   <agent start_id="136" goal_id="134"/>
   <agent start_id="96" goal_id="2"/>
   <agent start_id="54" goal_id="89"/>
   <agent start_id="143" goal_id="8"/>
   <agent start_id="169" goal_id="33"/>
   <agent start_id="128" goal_id="163"/>
   <agent start_id="19" goal_id="54"/>
   <agent start_id="81" goal_id="116"/>
   <agent start_id="66" goal_id="147"/>
   <agent start_id="26" goal_id="61"/>
   <agent start_id="133" goal_id="30"/>
   <agent start_id="113" goal_id="148"/>
   <agent start_id="76" goal_id="72"/>
   <agent start_id="35" goal_id="71"/>
   <agent start_id="164" goal_id="17"/>
   <agent start_id="163" goal_id="145"/>
   <agent start_id="109" goal_id="144"/>
   <agent start_id="67" goal_id="166"/>
   <agent start_id="0" goal_id="35"/>
   <agent start_id="97" goal_id="62"/>
   <agent start_id="47" goal_id="83"/>
   <agent start_id="74" goal_id="60"/>
   <agent start_id="32" goal_id="1"/>
   <agent start_id="58" goal_id="94"/>
   <agent start_id="17" goal_id="156"/>
   <agent start_id="146" goal_id="12"/>
   <agent start_id="145" goal_id="11"/>
   <agent start_id="63" goal_id="99"/>
   <agent start_id="111" goal_id="121"/>
   <agent start_id="79" goal_id="80"/>
   <agent start_id="137" goal_id="3"/>
   <agent start_id="69" goal_id="20"/>
   <agent start_id="43" goal_id="74"/>
   <agent start_id="117" goal_id="152"/>
   <agent start_id="75" goal_id="164"/>
   <agent start_id="129" goal_id="34"/>
   <agent start_id="127" goal_id="162"/>
   <agent start_id="86" goal_id="122"/>
   <agent start_id="30" goal_id="115"/>
   <agent start_id="158" goal_id="151"/>
   <agent start_id="118" goal_id="128"/>
   <agent start_id="154" goal_id="10"/>
   <agent start_id="104" goal_id="140"/>
   <agent start_id="166" goal_id="160"/>
   <agent start_id="165" goal_id="82"/>
   <agent start_id="20" goal_id="56"/>
   <agent start_id="1" goal_id="36"/>
   <agent start_id="13" goal_id="138"/>
   <agent start_id="132" goal_id="124"/>
   <agent start_id="53" goal_id="47"/>
   <agent start_id="100" goal_id="7"/>
   <agent start_id="114" goal_id="135"/>
   <agent start_id="85" goal_id="58"/>
   <agent start_id="29" goal_id="53"/>
   <agent start_id="51" goal_id="75"/>
   <agent start_id="77" goal_id="70"/>
   <agent start_id="15" goal_id="79"/>
   <agent start_id="90" goal_id="125"/>
   <agent start_id="50" goal_id="44"/>
   <agent start_id="34" goal_id="63"/>
   <agent start_id="92" goal_id="39"/>
   <agent start_id="45" goal_id="165"/>
   <agent start_id="14" goal_id="109"/>
   <agent start_id="65" goal_id="16"/>
   <agent start_id="87" goal_id="90"/>
   <agent start_id="167" goal_id="78"/>
   <agent start_id="28" goal_id="19"/>
   <agent start_id="134" goal_id="41"/>
   <agent start_id="5" goal_id="93"/>
   <agent start_id="16" goal_id="133"/>
   <agent start_id="95" goal_id="139"/>
   <agent start_id="62" goal_id="87"/>
   <agent start_id="110" goal_id="23"/>
   <agent start_id="38" goal_id="37"/>
</root>