<?xml version="1.0" ?>
<root>
   <agent start_id="119" goal_id="155"/>
   <agent start_id="38" goal_id="5"/>
   <agent start_id="100" goal_id="136"/>
   <agent start_id="36" goal_id="93"/>
   <agent start_id="83" goal_id="161"/>
   <agent start_id="57" goal_id="18"/>
   <agent start_id="107" goal_id="74"/>
   <agent start_id="2" goal_id="38"/>
   <agent start_id="157" goal_id="22"/>
   <agent start_id="55" goal_id="90"/>
   <agent start_id="89" goal_id="110"/>
   <agent start_id="116" goal_id="151"/>
   <agent start_id="33" goal_id="96"/>
   <agent start_id="162" goal_id="28"/>
   <agent start_id="161" goal_id="157"/>
   <agent start_id="18" goal_id="54"/>
   <agent start_id="147" goal_id="40"/>
   <agent start_id="133" goal_id="168"/>
   <agent start_id="168" goal_id="34"/>
   <agent start_id="24" goal_id="85"/>
   <agent start_id="148" goal_id="13"/>
   <agent start_id="128" goal_id="107"/>
   <agent start_id="127" goal_id="132"/>
   <agent start_id="165" goal_id="58"/>
   <agent start_id="144" goal_id="9"/>
   <agent start_id="143" goal_id="36"/>
   <agent start_id="124" goal_id="164"/>
   <agent start_id="62" goal_id="97"/>
   <agent start_id="47" goal_id="82"/>
   <agent start_id="72" goal_id="150"/>
   <agent start_id="129" goal_id="165"/>
   <agent start_id="160" goal_id="57"/>
   <agent start_id="104" goal_id="115"/>
   <agent start_id="8" goal_id="1"/>
   <agent start_id="126" goal_id="33"/>
   <agent start_id="64" goal_id="134"/>
   <agent start_id="84" goal_id="146"/>
   <agent start_id="42" goal_id="138"/>
   <agent start_id="96" goal_id="131"/>
   <agent start_id="6" goal_id="91"/>
   <agent start_id="85" goal_id="8"/>
   <agent start_id="76" goal_id="111"/>
   <agent start_id="101" goal_id="106"/>
   <agent start_id="12" goal_id="4"/>
   <agent start_id="14" goal_id="95"/>
   <agent start_id="45" goal_id="81"/>
   <agent start_id="4" goal_id="66"/>
   <agent start_id="106" goal_id="60"/>
   <agent start_id="28" goal_id="59"/>
   <agent start_id="163" goal_id="46"/>
   <agent start_id="150" goal_id="112"/>
   <agent start_id="10" goal_id="87"/>
   <agent start_id="30" goal_id="65"/>
   <agent start_id="108" goal_id="159"/>
   <agent start_id="153" goal_id="154"/>
   <agent start_id="82" goal_id="139"/>
   <agent start_id="66" goal_id="108"/>
   <agent start_id="130" goal_id="123"/>
   <agent start_id="155" goal_id="21"/>
   <agent start_id="70" goal_id="135"/>
   <agent start_id="34" goal_id="68"/>
   <agent start_id="59" goal_id="75"/>
   <agent start_id="11" goal_id="162"/>
   <agent start_id="105" goal_id="99"/>
   <agent start_id="40" goal_id="32"/>
   <agent start_id="22" goal_id="25"/>
   <agent start_id="142" goal_id="105"/>
   <agent start_id="15" goal_id="137"/>
   <agent start_id="54" goal_id="30"/>
   <agent start_id="43" goal_id="50"/>
   <agent start_id="102" goal_id="44"/>
   <agent start_id="111" goal_id="70"/>
   <agent start_id="134" goal_id="140"/>
   <agent start_id="13" goal_id="122"/>
   <agent start_id="49" goal_id="80"/>
   <agent start_id="41" goal_id="61"/>
   <agent start_id="39" goal_id="149"/>
   <agent start_id="113" goal_id="143"/>
   <agent start_id="5" goal_id="152"/>
   <agent start_id="79" goal_id="26"/>
   <agent start_id="123" goal_id="160"/>
   <agent start_id="166" goal_id="158"/>
   <agent start_id="37" goal_id="104"/>
   <agent start_id="27" goal_id="63"/>
   <agent start_id="26" goal_id="62"/>
   <agent start_id="156" goal_id="126"/>
   <agent start_id="97" goal_id="86"/>
   <agent start_id="135" goal_id="67"/>
   <agent start_id="125" goal_id="35"/>
   <agent start_id="48" goal_id="7"/>
   <agent start_id="131" goal_id="167"/>
   <agent start_id="90" goal_id="17"/>
   <agent start_id="35" goal_id="51"/>
   <agent start_id="67" goal_id="43"/>
   <agent start_id="137" goal_id="3"/>
   <agent start_id="94" goal_id="148"/>
   <agent start_id="122" goal_id="77"/>
   <agent start_id="80" goal_id="48"/>
   <agent start_id="132" goal_id="133"/>
   <agent start_id="112" goal_id="47"/>
</root>