<?xml version="1.0" ?>
<root>
   <agent start_id="77" goal_id="9"/>
   <agent start_id="109" goal_id="113"/>
   <agent start_id="143" goal_id="70"/>
   <agent start_id="35" goal_id="98"/>
   <agent start_id="92" goal_id="128"/>
   <agent start_id="155" goal_id="47"/>
   <agent start_id="154" goal_id="146"/>
   <agent start_id="41" goal_id="10"/>
   <agent start_id="67" goal_id="129"/>
   <agent start_id="27" goal_id="62"/>
   <agent start_id="56" goal_id="21"/>
   <agent start_id="100" goal_id="7"/>
   <agent start_id="73" goal_id="32"/>
   <agent start_id="125" goal_id="67"/>
   <agent start_id="43" goal_id="120"/>
   <agent start_id="148" goal_id="37"/>
   <agent start_id="2" goal_id="38"/>
   <agent start_id="91" goal_id="125"/>
   <agent start_id="50" goal_id="158"/>
   <agent start_id="8" goal_id="151"/>
   <agent start_id="74" goal_id="28"/>
   <agent start_id="162" goal_id="69"/>
   <agent start_id="57" goal_id="89"/>
   <agent start_id="111" goal_id="6"/>
   <agent start_id="71" goal_id="106"/>
   <agent start_id="29" goal_id="122"/>
   <agent start_id="10" goal_id="45"/>
   <agent start_id="86" goal_id="5"/>
   <agent start_id="139" goal_id="107"/>
   <agent start_id="72" goal_id="26"/>
   <agent start_id="159" goal_id="25"/>
   <agent start_id="167" goal_id="154"/>
   <agent start_id="82" goal_id="86"/>
   <agent start_id="68" goal_id="104"/>
   <agent start_id="99" goal_id="139"/>
   <agent start_id="89" goal_id="124"/>
   <agent start_id="47" goal_id="15"/>
   <agent start_id="1" goal_id="68"/>
   <agent start_id="157" goal_id="145"/>
   <agent start_id="5" goal_id="142"/>
   <agent start_id="93" goal_id="100"/>
   <agent start_id="79" goal_id="115"/>
   <agent start_id="131" goal_id="150"/>
   <agent start_id="140" goal_id="94"/>
   <agent start_id="28" goal_id="63"/>
   <agent start_id="53" goal_id="152"/>
   <agent start_id="142" goal_id="8"/>
   <agent start_id="106" goal_id="167"/>
   <agent start_id="107" goal_id="33"/>
   <agent start_id="22" goal_id="126"/>
   <agent start_id="116" goal_id="24"/>
   <agent start_id="75" goal_id="111"/>
   <agent start_id="3" goal_id="133"/>
   <agent start_id="134" goal_id="127"/>
   <agent start_id="61" goal_id="55"/>
   <agent start_id="42" goal_id="14"/>
   <agent start_id="80" goal_id="81"/>
   <agent start_id="127" goal_id="74"/>
   <agent start_id="119" goal_id="112"/>
   <agent start_id="66" goal_id="19"/>
   <agent start_id="51" goal_id="46"/>
   <agent start_id="165" goal_id="4"/>
   <agent start_id="32" goal_id="34"/>
   <agent start_id="97" goal_id="35"/>
   <agent start_id="16" goal_id="153"/>
   <agent start_id="62" goal_id="144"/>
   <agent start_id="94" goal_id="161"/>
   <agent start_id="49" goal_id="58"/>
   <agent start_id="4" goal_id="52"/>
   <agent start_id="128" goal_id="110"/>
   <agent start_id="33" goal_id="1"/>
   <agent start_id="136" goal_id="0"/>
   <agent start_id="149" goal_id="148"/>
   <agent start_id="38" goal_id="2"/>
   <agent start_id="12" goal_id="71"/>
   <agent start_id="36" goal_id="162"/>
   <agent start_id="85" goal_id="92"/>
   <agent start_id="147" goal_id="105"/>
   <agent start_id="152" goal_id="131"/>
   <agent start_id="0" goal_id="117"/>
   <agent start_id="124" goal_id="155"/>
   <agent start_id="102" goal_id="137"/>
   <agent start_id="65" goal_id="61"/>
   <agent start_id="39" goal_id="88"/>
   <agent start_id="108" goal_id="123"/>
   <agent start_id="133" goal_id="169"/>
   <agent start_id="48" goal_id="29"/>
   <agent start_id="114" goal_id="136"/>
   <agent start_id="9" goal_id="149"/>
   <agent start_id="76" goal_id="93"/>
   <agent start_id="37" goal_id="30"/>
   <agent start_id="145" goal_id="11"/>
   <agent start_id="144" goal_id="103"/>
   <agent start_id="122" goal_id="165"/>
   <agent start_id="98" goal_id="23"/>
   <agent start_id="117" goal_id="96"/>
   <agent start_id="84" goal_id="83"/>
   <agent start_id="161" goal_id="20"/>
   <agent start_id="95" goal_id="130"/>
   <agent start_id="20" goal_id="50"/>
</root>