<?xml version="1.0" ?>
<root>
   <agent start_id="9" goal_id="45"/>
   <agent start_id="71" goal_id="106"/>
   <agent start_id="18" goal_id="146"/>
   <agent start_id="96" goal_id="132"/>
   <agent start_id="30" goal_id="154"/>
   <agent start_id="117" goal_id="153"/>
   <agent start_id="118" goal_id="156"/>
   <agent start_id="138" goal_id="3"/>
   <agent start_id="4" goal_id="40"/>
   <agent start_id="95" goal_id="65"/>
   <agent start_id="25" goal_id="60"/>
   <agent start_id="150" goal_id="41"/>
   <agent start_id="109" goal_id="78"/>
   <agent start_id="126" goal_id="168"/>
   <agent start_id="133" goal_id="169"/>
   <agent start_id="11" goal_id="86"/>
   <agent start_id="78" goal_id="114"/>
   <agent start_id="98" goal_id="135"/>
   <agent start_id="165" goal_id="31"/>
   <agent start_id="125" goal_id="160"/>
   <agent start_id="110" goal_id="104"/>
   <agent start_id="70" goal_id="105"/>
   <agent start_id="131" goal_id="125"/>
   <agent start_id="158" goal_id="79"/>
   <agent start_id="156" goal_id="151"/>
   <agent start_id="48" goal_id="83"/>
   <agent start_id="74" goal_id="110"/>
   <agent start_id="163" goal_id="27"/>
   <agent start_id="6" goal_id="116"/>
   <agent start_id="39" goal_id="74"/>
   <agent start_id="86" goal_id="70"/>
   <agent start_id="153" goal_id="19"/>
   <agent start_id="154" goal_id="18"/>
   <agent start_id="111" goal_id="144"/>
   <agent start_id="57" goal_id="128"/>
   <agent start_id="160" goal_id="123"/>
   <agent start_id="169" goal_id="127"/>
   <agent start_id="10" goal_id="21"/>
   <agent start_id="5" goal_id="93"/>
   <agent start_id="61" goal_id="97"/>
   <agent start_id="88" goal_id="48"/>
   <agent start_id="67" goal_id="145"/>
   <agent start_id="73" goal_id="0"/>
   <agent start_id="2" goal_id="155"/>
   <agent start_id="93" goal_id="61"/>
   <agent start_id="51" goal_id="44"/>
   <agent start_id="166" goal_id="32"/>
   <agent start_id="37" goal_id="73"/>
   <agent start_id="23" goal_id="17"/>
   <agent start_id="123" goal_id="115"/>
   <agent start_id="161" goal_id="101"/>
   <agent start_id="68" goal_id="57"/>
   <agent start_id="28" goal_id="63"/>
   <agent start_id="54" goal_id="90"/>
   <agent start_id="116" goal_id="34"/>
   <agent start_id="75" goal_id="77"/>
   <agent start_id="100" goal_id="29"/>
   <agent start_id="162" goal_id="28"/>
   <agent start_id="104" goal_id="129"/>
   <agent start_id="136" goal_id="108"/>
   <agent start_id="65" goal_id="119"/>
   <agent start_id="155" goal_id="149"/>
   <agent start_id="21" goal_id="51"/>
   <agent start_id="140" goal_id="159"/>
   <agent start_id="38" goal_id="30"/>
   <agent start_id="26" goal_id="24"/>
   <agent start_id="62" goal_id="98"/>
   <agent start_id="27" goal_id="164"/>
   <agent start_id="55" goal_id="124"/>
   <agent start_id="114" goal_id="42"/>
   <agent start_id="144" goal_id="117"/>
   <agent start_id="94" goal_id="130"/>
   <agent start_id="145" goal_id="10"/>
   <agent start_id="76" goal_id="33"/>
   <agent start_id="40" goal_id="161"/>
   <agent start_id="84" goal_id="120"/>
   <agent start_id="3" goal_id="38"/>
   <agent start_id="29" goal_id="96"/>
   <agent start_id="157" goal_id="64"/>
   <agent start_id="89" goal_id="4"/>
   <agent start_id="34" goal_id="109"/>
   <agent start_id="101" goal_id="137"/>
   <agent start_id="87" goal_id="81"/>
   <agent start_id="102" goal_id="92"/>
   <agent start_id="66" goal_id="76"/>
   <agent start_id="122" goal_id="20"/>
   <agent start_id="115" goal_id="87"/>
   <agent start_id="35" goal_id="11"/>
   <agent start_id="56" goal_id="49"/>
   <agent start_id="77" goal_id="113"/>
   <agent start_id="58" goal_id="71"/>
   <agent start_id="137" goal_id="22"/>
   <agent start_id="147" goal_id="139"/>
   <agent start_id="15" goal_id="150"/>
   <agent start_id="50" goal_id="162"/>
   <agent start_id="24" goal_id="166"/>
   <agent start_id="0" goal_id="43"/>
   <agent start_id="119" goal_id="140"/>
   <agent start_id="132" goal_id="99"/>
   <agent start_id="91" goal_id="39"/>
</root>