<?xml version="1.0" ?>
<root>
   <agent start_id="137" goal_id="19"/>
   <agent start_id="55" goal_id="90"/>
   <agent start_id="81" goal_id="49"/>
   <agent start_id="14" goal_id="163"/>
   <agent start_id="129" goal_id="164"/>
   <agent start_id="45" goal_id="41"/>
   <agent start_id="133" goal_id="92"/>
   <agent start_id="119" goal_id="155"/>
   <agent start_id="145" goal_id="11"/>
   <agent start_id="104" goal_id="140"/>
   <agent start_id="103" goal_id="72"/>
   <agent start_id="36" goal_id="71"/>
   <agent start_id="62" goal_id="98"/>
   <agent start_id="150" goal_id="15"/>
   <agent start_id="167" goal_id="32"/>
   <agent start_id="68" goal_id="103"/>
   <agent start_id="54" goal_id="154"/>
   <agent start_id="12" goal_id="89"/>
   <agent start_id="142" goal_id="7"/>
   <agent start_id="100" goal_id="136"/>
   <agent start_id="99" goal_id="135"/>
   <agent start_id="86" goal_id="53"/>
   <agent start_id="146" goal_id="12"/>
   <agent start_id="56" goal_id="38"/>
   <agent start_id="131" goal_id="55"/>
   <agent start_id="3" goal_id="121"/>
   <agent start_id="44" goal_id="112"/>
   <agent start_id="9" goal_id="3"/>
   <agent start_id="165" goal_id="159"/>
   <agent start_id="163" goal_id="28"/>
   <agent start_id="41" goal_id="116"/>
   <agent start_id="40" goal_id="76"/>
   <agent start_id="83" goal_id="149"/>
   <agent start_id="1" goal_id="37"/>
   <agent start_id="160" goal_id="94"/>
   <agent start_id="93" goal_id="40"/>
   <agent start_id="48" goal_id="160"/>
   <agent start_id="77" goal_id="10"/>
   <agent start_id="158" goal_id="125"/>
   <agent start_id="21" goal_id="56"/>
   <agent start_id="47" goal_id="84"/>
   <agent start_id="28" goal_id="131"/>
   <agent start_id="33" goal_id="25"/>
   <agent start_id="161" goal_id="115"/>
   <agent start_id="13" goal_id="48"/>
   <agent start_id="39" goal_id="6"/>
   <agent start_id="10" goal_id="161"/>
   <agent start_id="169" goal_id="122"/>
   <agent start_id="112" goal_id="79"/>
   <agent start_id="30" goal_id="64"/>
   <agent start_id="105" goal_id="24"/>
   <agent start_id="144" goal_id="9"/>
   <agent start_id="76" goal_id="152"/>
   <agent start_id="102" goal_id="138"/>
   <agent start_id="34" goal_id="70"/>
   <agent start_id="123" goal_id="63"/>
   <agent start_id="149" goal_id="117"/>
   <agent start_id="67" goal_id="139"/>
   <agent start_id="26" goal_id="62"/>
   <agent start_id="52" goal_id="129"/>
   <agent start_id="0" goal_id="87"/>
   <agent start_id="140" goal_id="47"/>
   <agent start_id="27" goal_id="46"/>
   <agent start_id="97" goal_id="5"/>
   <agent start_id="125" goal_id="119"/>
   <agent start_id="42" goal_id="52"/>
   <agent start_id="29" goal_id="82"/>
   <agent start_id="157" goal_id="31"/>
   <agent start_id="37" goal_id="14"/>
   <agent start_id="106" goal_id="141"/>
   <agent start_id="168" goal_id="27"/>
   <agent start_id="80" goal_id="29"/>
   <agent start_id="95" goal_id="151"/>
   <agent start_id="159" goal_id="75"/>
   <agent start_id="25" goal_id="33"/>
   <agent start_id="65" goal_id="34"/>
   <agent start_id="127" goal_id="39"/>
   <agent start_id="85" goal_id="162"/>
   <agent start_id="153" goal_id="100"/>
   <agent start_id="114" goal_id="77"/>
   <agent start_id="87" goal_id="123"/>
   <agent start_id="16" goal_id="51"/>
   <agent start_id="117" goal_id="30"/>
   <agent start_id="134" goal_id="120"/>
   <agent start_id="17" goal_id="18"/>
   <agent start_id="122" goal_id="158"/>
   <agent start_id="22" goal_id="144"/>
   <agent start_id="108" goal_id="44"/>
   <agent start_id="88" goal_id="124"/>
   <agent start_id="151" goal_id="128"/>
   <agent start_id="11" goal_id="148"/>
   <agent start_id="70" goal_id="97"/>
   <agent start_id="138" goal_id="107"/>
   <agent start_id="84" goal_id="133"/>
   <agent start_id="69" goal_id="105"/>
   <agent start_id="162" goal_id="167"/>
   <agent start_id="90" goal_id="126"/>
   <agent start_id="49" goal_id="93"/>
   <agent start_id="98" goal_id="43"/>
   <agent start_id="8" goal_id="69"/>
</root>