<?xml version="1.0" ?>
<root>
   <agent start_id="153" goal_id="18"/>
   <agent start_id="49" goal_id="148"/>
   <agent start_id="8" goal_id="44"/>
   <agent start_id="30" goal_id="66"/>
   <agent start_id="56" goal_id="126"/>
   <agent start_id="108" goal_id="143"/>
   <agent start_id="149" goal_id="103"/>
   <agent start_id="26" goal_id="61"/>
   <agent start_id="124" goal_id="159"/>
   <agent start_id="20" goal_id="19"/>
   <agent start_id="82" goal_id="117"/>
   <agent start_id="36" goal_id="71"/>
   <agent start_id="133" goal_id="67"/>
   <agent start_id="93" goal_id="15"/>
   <agent start_id="144" goal_id="6"/>
   <agent start_id="155" goal_id="62"/>
   <agent start_id="90" goal_id="91"/>
   <agent start_id="21" goal_id="56"/>
   <agent start_id="48" goal_id="43"/>
   <agent start_id="136" goal_id="1"/>
   <agent start_id="7" goal_id="166"/>
   <agent start_id="121" goal_id="156"/>
   <agent start_id="130" goal_id="151"/>
   <agent start_id="115" goal_id="150"/>
   <agent start_id="75" goal_id="110"/>
   <agent start_id="163" goal_id="29"/>
   <agent start_id="23" goal_id="100"/>
   <agent start_id="148" goal_id="13"/>
   <agent start_id="79" goal_id="8"/>
   <agent start_id="65" goal_id="127"/>
   <agent start_id="50" goal_id="128"/>
   <agent start_id="46" goal_id="105"/>
   <agent start_id="35" goal_id="169"/>
   <agent start_id="17" goal_id="158"/>
   <agent start_id="109" goal_id="76"/>
   <agent start_id="165" goal_id="107"/>
   <agent start_id="96" goal_id="88"/>
   <agent start_id="129" goal_id="164"/>
   <agent start_id="11" goal_id="41"/>
   <agent start_id="140" goal_id="5"/>
   <agent start_id="33" goal_id="94"/>
   <agent start_id="69" goal_id="47"/>
   <agent start_id="64" goal_id="86"/>
   <agent start_id="2" goal_id="125"/>
   <agent start_id="91" goal_id="130"/>
   <agent start_id="89" goal_id="70"/>
   <agent start_id="166" goal_id="69"/>
   <agent start_id="107" goal_id="37"/>
   <agent start_id="143" goal_id="59"/>
   <agent start_id="14" goal_id="115"/>
   <agent start_id="168" goal_id="137"/>
   <agent start_id="158" goal_id="65"/>
   <agent start_id="154" goal_id="20"/>
   <agent start_id="147" goal_id="55"/>
   <agent start_id="112" goal_id="139"/>
   <agent start_id="25" goal_id="102"/>
   <agent start_id="159" goal_id="24"/>
   <agent start_id="126" goal_id="118"/>
   <agent start_id="103" goal_id="81"/>
   <agent start_id="62" goal_id="97"/>
   <agent start_id="18" goal_id="92"/>
   <agent start_id="132" goal_id="14"/>
   <agent start_id="167" goal_id="144"/>
   <agent start_id="128" goal_id="22"/>
   <agent start_id="12" goal_id="99"/>
   <agent start_id="100" goal_id="135"/>
   <agent start_id="32" goal_id="120"/>
   <agent start_id="125" goal_id="7"/>
   <agent start_id="63" goal_id="95"/>
   <agent start_id="101" goal_id="87"/>
   <agent start_id="6" goal_id="21"/>
   <agent start_id="80" goal_id="2"/>
   <agent start_id="122" goal_id="132"/>
   <agent start_id="13" goal_id="101"/>
   <agent start_id="81" goal_id="25"/>
   <agent start_id="66" goal_id="129"/>
   <agent start_id="120" goal_id="60"/>
   <agent start_id="78" goal_id="40"/>
   <agent start_id="114" goal_id="106"/>
   <agent start_id="152" goal_id="147"/>
   <agent start_id="71" goal_id="74"/>
   <agent start_id="44" goal_id="122"/>
   <agent start_id="145" goal_id="10"/>
   <agent start_id="10" goal_id="72"/>
   <agent start_id="19" goal_id="160"/>
   <agent start_id="61" goal_id="96"/>
   <agent start_id="57" goal_id="138"/>
   <agent start_id="16" goal_id="42"/>
   <agent start_id="135" goal_id="73"/>
   <agent start_id="27" goal_id="63"/>
   <agent start_id="110" goal_id="57"/>
   <agent start_id="113" goal_id="149"/>
   <agent start_id="95" goal_id="33"/>
   <agent start_id="58" goal_id="32"/>
   <agent start_id="24" goal_id="26"/>
   <agent start_id="142" goal_id="124"/>
   <agent start_id="131" goal_id="167"/>
   <agent start_id="0" goal_id="162"/>
   <agent start_id="116" goal_id="152"/>
   <agent start_id="138" goal_id="163"/>
</root>