<?xml version="1.0" ?>
<root>
   <agent start_id="169" goal_id="35"/>
   <agent start_id="76" goal_id="3"/>
   <agent start_id="158" goal_id="66"/>
   <agent start_id="119" goal_id="60"/>
   <agent start_id="153" goal_id="19"/>
   <agent start_id="139" goal_id="5"/>
   <agent start_id="4" goal_id="39"/>
   <agent start_id="57" goal_id="93"/>
   <agent start_id="56" goal_id="92"/>
   <agent start_id="118" goal_id="154"/>
   <agent start_id="36" goal_id="9"/>
   <agent start_id="125" goal_id="160"/>
   <agent start_id="151" goal_id="17"/>
   <agent start_id="47" goal_id="82"/>
   <agent start_id="7" goal_id="42"/>
   <agent start_id="136" goal_id="130"/>
   <agent start_id="120" goal_id="156"/>
   <agent start_id="53" goal_id="88"/>
   <agent start_id="78" goal_id="115"/>
   <agent start_id="23" goal_id="101"/>
   <agent start_id="167" goal_id="32"/>
   <agent start_id="168" goal_id="161"/>
   <agent start_id="111" goal_id="147"/>
   <agent start_id="70" goal_id="106"/>
   <agent start_id="69" goal_id="64"/>
   <agent start_id="29" goal_id="132"/>
   <agent start_id="117" goal_id="49"/>
   <agent start_id="144" goal_id="44"/>
   <agent start_id="101" goal_id="137"/>
   <agent start_id="102" goal_id="29"/>
   <agent start_id="82" goal_id="55"/>
   <agent start_id="149" goal_id="76"/>
   <agent start_id="106" goal_id="14"/>
   <agent start_id="164" goal_id="34"/>
   <agent start_id="87" goal_id="151"/>
   <agent start_id="10" goal_id="46"/>
   <agent start_id="140" goal_id="139"/>
   <agent start_id="30" goal_id="86"/>
   <agent start_id="84" goal_id="119"/>
   <agent start_id="42" goal_id="79"/>
   <agent start_id="2" goal_id="20"/>
   <agent start_id="131" goal_id="166"/>
   <agent start_id="89" goal_id="124"/>
   <agent start_id="88" goal_id="89"/>
   <agent start_id="74" goal_id="110"/>
   <agent start_id="109" goal_id="145"/>
   <agent start_id="71" goal_id="27"/>
   <agent start_id="90" goal_id="125"/>
   <agent start_id="150" goal_id="142"/>
   <agent start_id="15" goal_id="109"/>
   <agent start_id="25" goal_id="164"/>
   <agent start_id="86" goal_id="121"/>
   <agent start_id="43" goal_id="103"/>
   <agent start_id="44" goal_id="73"/>
   <agent start_id="130" goal_id="24"/>
   <agent start_id="5" goal_id="85"/>
   <agent start_id="75" goal_id="138"/>
   <agent start_id="35" goal_id="98"/>
   <agent start_id="21" goal_id="56"/>
   <agent start_id="147" goal_id="16"/>
   <agent start_id="46" goal_id="36"/>
   <agent start_id="137" goal_id="40"/>
   <agent start_id="72" goal_id="169"/>
   <agent start_id="92" goal_id="128"/>
   <agent start_id="165" goal_id="87"/>
   <agent start_id="152" goal_id="149"/>
   <agent start_id="166" goal_id="6"/>
   <agent start_id="31" goal_id="67"/>
   <agent start_id="17" goal_id="52"/>
   <agent start_id="103" goal_id="167"/>
   <agent start_id="61" goal_id="33"/>
   <agent start_id="22" goal_id="135"/>
   <agent start_id="59" goal_id="37"/>
   <agent start_id="115" goal_id="150"/>
   <agent start_id="73" goal_id="69"/>
   <agent start_id="68" goal_id="10"/>
   <agent start_id="162" goal_id="13"/>
   <agent start_id="48" goal_id="143"/>
   <agent start_id="154" goal_id="50"/>
   <agent start_id="65" goal_id="84"/>
   <agent start_id="127" goal_id="71"/>
   <agent start_id="114" goal_id="148"/>
   <agent start_id="67" goal_id="80"/>
   <agent start_id="163" goal_id="127"/>
   <agent start_id="135" goal_id="51"/>
   <agent start_id="14" goal_id="61"/>
   <agent start_id="157" goal_id="107"/>
   <agent start_id="160" goal_id="25"/>
   <agent start_id="16" goal_id="15"/>
   <agent start_id="142" goal_id="41"/>
   <agent start_id="8" goal_id="1"/>
   <agent start_id="32" goal_id="129"/>
   <agent start_id="52" goal_id="112"/>
   <agent start_id="79" goal_id="114"/>
   <agent start_id="11" goal_id="47"/>
   <agent start_id="37" goal_id="94"/>
   <agent start_id="50" goal_id="162"/>
   <agent start_id="28" goal_id="155"/>
   <agent start_id="110" goal_id="72"/>
   <agent start_id="116" goal_id="104"/>
</root>