<?xml version="1.0" ?>
<root>
   <agent start_id="42" goal_id="119"/>
   <agent start_id="2" goal_id="139"/>
   <agent start_id="131" goal_id="167"/>
   <agent start_id="90" goal_id="126"/>
   <agent start_id="22" goal_id="58"/>
   <agent start_id="151" goal_id="110"/>
   <agent start_id="136" goal_id="43"/>
   <agent start_id="95" goal_id="131"/>
   <agent start_id="116" goal_id="23"/>
   <agent start_id="157" goal_id="84"/>
   <agent start_id="106" goal_id="13"/>
   <agent start_id="147" goal_id="141"/>
   <agent start_id="167" goal_id="101"/>
   <agent start_id="127" goal_id="162"/>
   <agent start_id="153" goal_id="4"/>
   <agent start_id="133" goal_id="168"/>
   <agent start_id="159" goal_id="25"/>
   <agent start_id="117" goal_id="132"/>
   <agent start_id="112" goal_id="148"/>
   <agent start_id="148" goal_id="40"/>
   <agent start_id="102" goal_id="138"/>
   <agent start_id="61" goal_id="97"/>
   <agent start_id="20" goal_id="56"/>
   <agent start_id="73" goal_id="15"/>
   <agent start_id="32" goal_id="35"/>
   <agent start_id="161" goal_id="27"/>
   <agent start_id="53" goal_id="88"/>
   <agent start_id="52" goal_id="87"/>
   <agent start_id="6" goal_id="42"/>
   <agent start_id="36" goal_id="72"/>
   <agent start_id="125" goal_id="161"/>
   <agent start_id="124" goal_id="160"/>
   <agent start_id="110" goal_id="146"/>
   <agent start_id="69" goal_id="105"/>
   <agent start_id="28" goal_id="64"/>
   <agent start_id="74" goal_id="104"/>
   <agent start_id="21" goal_id="125"/>
   <agent start_id="75" goal_id="152"/>
   <agent start_id="43" goal_id="29"/>
   <agent start_id="97" goal_id="59"/>
   <agent start_id="60" goal_id="24"/>
   <agent start_id="115" goal_id="14"/>
   <agent start_id="76" goal_id="137"/>
   <agent start_id="105" goal_id="169"/>
   <agent start_id="92" goal_id="128"/>
   <agent start_id="51" goal_id="41"/>
   <agent start_id="9" goal_id="44"/>
   <agent start_id="10" goal_id="45"/>
   <agent start_id="156" goal_id="9"/>
   <agent start_id="154" goal_id="20"/>
   <agent start_id="164" goal_id="122"/>
   <agent start_id="30" goal_id="108"/>
   <agent start_id="144" goal_id="98"/>
   <agent start_id="83" goal_id="93"/>
   <agent start_id="89" goal_id="149"/>
   <agent start_id="141" goal_id="134"/>
   <agent start_id="45" goal_id="130"/>
   <agent start_id="62" goal_id="21"/>
   <agent start_id="119" goal_id="26"/>
   <agent start_id="35" goal_id="140"/>
   <agent start_id="166" goal_id="74"/>
   <agent start_id="64" goal_id="54"/>
   <agent start_id="39" goal_id="94"/>
   <agent start_id="44" goal_id="79"/>
   <agent start_id="3" goal_id="115"/>
   <agent start_id="99" goal_id="7"/>
   <agent start_id="24" goal_id="164"/>
   <agent start_id="18" goal_id="22"/>
   <agent start_id="142" goal_id="8"/>
   <agent start_id="101" goal_id="143"/>
   <agent start_id="40" goal_id="28"/>
   <agent start_id="118" goal_id="38"/>
   <agent start_id="80" goal_id="77"/>
   <agent start_id="48" goal_id="82"/>
   <agent start_id="72" goal_id="107"/>
   <agent start_id="71" goal_id="63"/>
   <agent start_id="57" goal_id="3"/>
   <agent start_id="15" goal_id="51"/>
   <agent start_id="11" goal_id="46"/>
   <agent start_id="1" goal_id="0"/>
   <agent start_id="103" goal_id="71"/>
   <agent start_id="47" goal_id="153"/>
   <agent start_id="7" goal_id="166"/>
   <agent start_id="4" goal_id="1"/>
   <agent start_id="162" goal_id="55"/>
   <agent start_id="65" goal_id="95"/>
   <agent start_id="59" goal_id="129"/>
   <agent start_id="37" goal_id="103"/>
   <agent start_id="85" goal_id="120"/>
   <agent start_id="111" goal_id="12"/>
   <agent start_id="94" goal_id="116"/>
   <agent start_id="14" goal_id="50"/>
   <agent start_id="155" goal_id="123"/>
   <agent start_id="50" goal_id="155"/>
   <agent start_id="86" goal_id="78"/>
   <agent start_id="38" goal_id="121"/>
   <agent start_id="108" goal_id="16"/>
   <agent start_id="16" goal_id="36"/>
   <agent start_id="8" goal_id="49"/>
   <agent start_id="27" goal_id="31"/>
</root>